ibge,uf,nome,tipo
11,RO,Rondônia,estadual
12,AC,Acre,estadual
13,AM,Amazonas,estadual
14,RR,Roraima,estadual
15,PA,Pará,estadual
16,AP,Amapá,estadual
17,TO,Tocantins,estadual
21,MA,Maranhão,estadual
22,PI,Piauí,estadual
23,CE,Ceará,estadual
24,RN,Rio Grande do Norte,estadual
25,PB,Paraíba,estadual
26,PE,Pernambuco,estadual
27,AL,Alagoas,estadual
28,SE,Sergipe,estadual
29,BA,Bahia,estadual
31,MG,Minas Gerais,estadual
32,ES,Espírito Santo,estadual
33,RJ,Rio de Janeiro,estadual
35,SP,São Paulo,estadual
41,PR,Paraná,estadual
42,SC,Santa Catarina,estadual
43,RS,Rio Grande do Sul,estadual
50,MS,Mato Grosso do Sul,estadual
51,MT,Mato Grosso,estadual
52,GO,Goiás,estadual
53,DF,Distrito Federal,distrital
1100015,RO,ALTA FLORESTA DOESTE,municipal
1100023,RO,ARIQUEMES,municipal
1100031,RO,CABIXI,municipal
1100049,RO,CACOAL,municipal
1100056,RO,CEREJEIRAS,municipal
1100064,RO,COLORADO DO OESTE,municipal
1100072,RO,CORUMBIARA,municipal
1100080,RO,COSTA MARQUES,municipal
1100098,RO,ESPIGAO DOESTE,municipal
1100106,RO,GUAJARA-MIRIM,municipal
1100114,RO,JARU,municipal
1100122,RO,JI-PARANA,municipal
1100130,RO,MACHADINHO DOESTE,municipal
1100148,RO,NOVA BRASILANDIA DOESTE,municipal
1100155,RO,OURO PRETO DO OESTE,municipal
1100189,RO,PIMENTA BUENO,municipal
1100205,RO,PORTO VELHO,municipal
1100254,RO,PRESIDENTE MEDICI,municipal
1100262,RO,RIO CRESPO,municipal
1100288,RO,ROLIM DE MOURA,municipal
1100296,RO,SANTA LUZIA DOESTE,municipal
1100304,RO,VILHENA,municipal
1100320,RO,SAO MIGUEL DO GUAPORE,municipal
1100338,RO,NOVA MAMORE,municipal
1100346,RO,ALVORADA DOESTE,municipal
1100379,RO,ALTO ALEGRE DOS PARECIS,municipal
1100403,RO,ALTO PARAISO,municipal
1100452,RO,BURITIS,municipal
1100502,RO,NOVO HORIZONTE DO OESTE,municipal
1100601,RO,CACAULANDIA,municipal
1100700,RO,CAMPO NOVO DE RONDONIA,municipal
1100809,RO,CANDEIAS DO JAMARI,municipal
1100908,RO,CASTANHEIRAS,municipal
1100924,RO,CHUPINGUAIA,municipal
1100940,RO,CUJUBIM,municipal
1101005,RO,GOVERNADOR JORGE TEIXEIRA,municipal
1101104,RO,ITAPUA DO OESTE,municipal
1101203,RO,MINISTRO ANDREAZZA,municipal
1101302,RO,MIRANTE DA SERRA,municipal
1101401,RO,MONTE NEGRO,municipal
1101435,RO,NOVA UNIAO,municipal
1101450,RO,PARECIS,municipal
1101468,RO,PIMENTEIRAS DO OESTE,municipal
1101476,RO,PRIMAVERA DE RONDONIA,municipal
1101484,RO,SAO FELIPE DOESTE,municipal
1101492,RO,SAO FRANCISCO DO GUAPORE,municipal
1101500,RO,SERINGUEIRAS,municipal
1101559,RO,TEIXEIROPOLIS,municipal
1101609,RO,THEOBROMA,municipal
1101708,RO,URUPA,municipal
1101757,RO,VALE DO ANARI,municipal
1101807,RO,VALE DO PARAISO,municipal
1200013,AC,ACRELANDIA,municipal
1200054,AC,ASSIS BRASIL,municipal
1200104,AC,BRASILEIA,municipal
1200138,AC,BUJARI,municipal
1200179,AC,CAPIXABA,municipal
1200203,AC,CRUZEIRO DO SUL,municipal
1200252,AC,EPITACIOLANDIA,municipal
1200302,AC,FEIJO,municipal
1200328,AC,JORDAO,municipal
1200336,AC,MANCIO LIMA,municipal
1200344,AC,MANOEL URBANO,municipal
1200351,AC,MARECHAL THAUMATURGO,municipal
1200385,AC,PLACIDO DE CASTRO,municipal
1200393,AC,PORTO WALTER,municipal
1200401,AC,RIO BRANCO,municipal
1200427,AC,RODRIGUES ALVES,municipal
1200435,AC,SANTA ROSA DO PURUS,municipal
1200450,AC,SENADOR GUIOMARD,municipal
1200500,AC,SENA MADUREIRA,municipal
1200609,AC,TARAUACA,municipal
1200708,AC,XAPURI,municipal
1200807,AC,PORTO ACRE,municipal
1300029,AM,ALVARAES,municipal
1300060,AM,AMATURA,municipal
1300086,AM,ANAMA,municipal
1300102,AM,ANORI,municipal
1300144,AM,APUI,municipal
1300201,AM,ATALAIA DO NORTE,municipal
1300300,AM,AUTAZES,municipal
1300409,AM,BARCELOS,municipal
1300508,AM,BARREIRINHA,municipal
1300607,AM,BENJAMIN CONSTANT,municipal
1300631,AM,BERURI,municipal
1300680,AM,BOA VISTA DO RAMOS,municipal
1300706,AM,BOCA DO ACRE,municipal
1300805,AM,BORBA,municipal
1300839,AM,CAAPIRANGA,municipal
1300904,AM,CANUTAMA,municipal
1301001,AM,CARAUARI,municipal
1301100,AM,CAREIRO,municipal
1301159,AM,CAREIRO DA VARZEA,municipal
1301209,AM,COARI,municipal
1301308,AM,CODAJAS,municipal
1301407,AM,EIRUNEPE,municipal
1301506,AM,ENVIRA,municipal
1301605,AM,FONTE BOA,municipal
1301654,AM,GUAJARA,municipal
1301704,AM,HUMAITA,municipal
1301803,AM,IPIXUNA,municipal
1301852,AM,IRANDUBA,municipal
1301902,AM,ITACOATIARA,municipal
1301951,AM,ITAMARATI,municipal
1302009,AM,ITAPIRANGA,municipal
1302108,AM,JAPURA,municipal
1302207,AM,JURUA,municipal
1302306,AM,JUTAI,municipal
1302405,AM,LABREA,municipal
1302504,AM,MANACAPURU,municipal
1302553,AM,MANAQUIRI,municipal
1302603,AM,MANAUS,municipal
1302702,AM,MANICORE,municipal
1302801,AM,MARAA,municipal
1302900,AM,MAUES,municipal
1303007,AM,NHAMUNDA,municipal
1303106,AM,NOVA OLINDA DO NORTE,municipal
1303205,AM,NOVO AIRAO,municipal
1303304,AM,NOVO ARIPUANA,municipal
1303403,AM,PARINTINS,municipal
1303502,AM,PAUINI,municipal
1303536,AM,PRESIDENTE FIGUEIREDO,municipal
1303569,AM,RIO PRETO DA EVA,municipal
1303601,AM,SANTA ISABEL DO RIO NEGRO,municipal
1303700,AM,SANTO ANTONIO DO ICA,municipal
1303809,AM,SAO GABRIEL DA CACHOEIRA,municipal
1303908,AM,SAO PAULO DE OLIVENCA,municipal
1303957,AM,SAO SEBASTIAO DO UATUMA,municipal
1304005,AM,SILVES,municipal
1304062,AM,TABATINGA,municipal
1304104,AM,TAPAUA,municipal
1304203,AM,TEFE,municipal
1304237,AM,TONANTINS,municipal
1304260,AM,UARINI,municipal
1304302,AM,URUCARA,municipal
1304401,AM,URUCURITUBA,municipal
1400027,RR,AMAJARI,municipal
1400050,RR,ALTO ALEGRE,municipal
1400100,RR,BOA VISTA,municipal
1400159,RR,BONFIM,municipal
1400175,RR,CANTA,municipal
1400209,RR,CARACARAI,municipal
1400233,RR,CAROEBE,municipal
1400282,RR,IRACEMA,municipal
1400308,RR,MUCAJAI,municipal
1400407,RR,NORMANDIA,municipal
1400456,RR,PACARAIMA,municipal
1400472,RR,RORAINOPOLIS,municipal
1400506,RR,SAO JOAO DA BALIZA,municipal
1400605,RR,SAO LUIZ,municipal
1400704,RR,UIRAMUTA,municipal
1500107,PA,ABAETETUBA,municipal
1500131,PA,ABEL FIGUEIREDO,municipal
1500206,PA,ACARA,municipal
1500305,PA,AFUA,municipal
1500347,PA,AGUA AZUL DO NORTE,municipal
1500404,PA,ALENQUER,municipal
1500503,PA,ALMEIRIM,municipal
1500602,PA,ALTAMIRA,municipal
1500701,PA,ANAJAS,municipal
1500800,PA,ANANINDEUA,municipal
1500859,PA,ANAPU,municipal
1500909,PA,AUGUSTO CORREA,municipal
1500958,PA,AURORA DO PARA,municipal
1501006,PA,AVEIRO,municipal
1501105,PA,BAGRE,municipal
1501204,PA,BAIAO,municipal
1501253,PA,BANNACH,municipal
1501303,PA,BARCARENA,municipal
1501402,PA,BELEM,municipal
1501451,PA,BELTERRA,municipal
1501501,PA,BENEVIDES,municipal
1501576,PA,BOM JESUS DO TOCANTINS,municipal
1501600,PA,BONITO,municipal
1501709,PA,BRAGANCA,municipal
1501725,PA,BRASIL NOVO,municipal
1501758,PA,BREJO GRANDE DO ARAGUAIA,municipal
1501782,PA,BREU BRANCO,municipal
1501808,PA,BREVES,municipal
1501907,PA,BUJARU,municipal
1501956,PA,CACHOEIRA DO PIRIA,municipal
1502004,PA,CACHOEIRA DO ARARI,municipal
1502103,PA,CAMETA,municipal
1502152,PA,CANAA DOS CARAJAS,municipal
1502202,PA,CAPANEMA,municipal
1502301,PA,CAPITAO POCO,municipal
1502400,PA,CASTANHAL,municipal
1502509,PA,CHAVES,municipal
1502608,PA,COLARES,municipal
1502707,PA,CONCEICAO DO ARAGUAIA,municipal
1502756,PA,CONCORDIA DO PARA,municipal
1502764,PA,CUMARU DO NORTE,municipal
1502772,PA,CURIONOPOLIS,municipal
1502806,PA,CURRALINHO,municipal
1502855,PA,CURUA,municipal
1502905,PA,CURUCA,municipal
1502939,PA,DOM ELISEU,municipal
1502954,PA,ELDORADO DO CARAJAS,municipal
1503002,PA,FARO,municipal
1503044,PA,FLORESTA DO ARAGUAIA,municipal
1503077,PA,GARRAFAO DO NORTE,municipal
1503093,PA,GOIANESIA DO PARA,municipal
1503101,PA,GURUPA,municipal
1503200,PA,IGARAPE-ACU,municipal
1503309,PA,IGARAPE-MIRI,municipal
1503408,PA,INHANGAPI,municipal
1503457,PA,IPIXUNA DO PARA,municipal
1503507,PA,IRITUIA,municipal
1503606,PA,ITAITUBA,municipal
1503705,PA,ITUPIRANGA,municipal
1503754,PA,JACAREACANGA,municipal
1503804,PA,JACUNDA,municipal
1503903,PA,JURUTI,municipal
1504000,PA,LIMOEIRO DO AJURU,municipal
1504059,PA,MAE DO RIO,municipal
1504109,PA,MAGALHAES BARATA,municipal
1504208,PA,MARABA,municipal
1504307,PA,MARACANA,municipal
1504406,PA,MARAPANIM,municipal
1504422,PA,MARITUBA,municipal
1504455,PA,MEDICILANDIA,municipal
1504505,PA,MELGACO,municipal
1504604,PA,MOCAJUBA,municipal
1504703,PA,MOJU,municipal
1504752,PA,MOJUI DOS CAMPOS,municipal
1504802,PA,MONTE ALEGRE,municipal
1504901,PA,MUANA,municipal
1504950,PA,NOVA ESPERANCA DO PIRIA,municipal
1504976,PA,NOVA IPIXUNA,municipal
1505007,PA,NOVA TIMBOTEUA,municipal
1505031,PA,NOVO PROGRESSO,municipal
1505064,PA,NOVO REPARTIMENTO,municipal
1505106,PA,OBIDOS,municipal
1505205,PA,OEIRAS DO PARA,municipal
1505304,PA,ORIXIMINA,municipal
1505403,PA,OUREM,municipal
1505437,PA,OURILANDIA DO NORTE,municipal
1505486,PA,PACAJA,municipal
1505494,PA,PALESTINA DO PARA,municipal
1505502,PA,PARAGOMINAS,municipal
1505536,PA,PARAUAPEBAS,municipal
1505551,PA,PAU DARCO,municipal
1505601,PA,PEIXE-BOI,municipal
1505635,PA,PICARRA,municipal
1505650,PA,PLACAS,municipal
1505700,PA,PONTA DE PEDRAS,municipal
1505809,PA,PORTEL,municipal
1505908,PA,PORTO DE MOZ,municipal
1506005,PA,PRAINHA,municipal
1506104,PA,PRIMAVERA,municipal
1506112,PA,QUATIPURU,municipal
1506138,PA,REDENCAO,municipal
1506161,PA,RIO MARIA,municipal
1506187,PA,RONDON DO PARA,municipal
1506195,PA,RUROPOLIS,municipal
1506203,PA,SALINOPOLIS,municipal
1506302,PA,SALVATERRA,municipal
1506351,PA,SANTA BARBARA DO PARA,municipal
1506401,PA,SANTA CRUZ DO ARARI,municipal
1506500,PA,SANTA IZABEL DO PARA,municipal
1506559,PA,SANTA LUZIA DO PARA,municipal
1506583,PA,SANTA MARIA DAS BARREIRAS,municipal
1506609,PA,SANTA MARIA DO PARA,municipal
1506708,PA,SANTANA DO ARAGUAIA,municipal
1506807,PA,SANTAREM,municipal
1506906,PA,SANTAREM NOVO,municipal
1507003,PA,SANTO ANTONIO DO TAUA,municipal
1507102,PA,SAO CAETANO DE ODIVELAS,municipal
1507151,PA,SAO DOMINGOS DO ARAGUAIA,municipal
1507201,PA,SAO DOMINGOS DO CAPIM,municipal
1507300,PA,SAO FELIX DO XINGU,municipal
1507409,PA,SAO FRANCISCO DO PARA,municipal
1507458,PA,SAO GERALDO DO ARAGUAIA,municipal
1507466,PA,SAO JOAO DA PONTA,municipal
1507474,PA,SAO JOAO DE PIRABAS,municipal
1507508,PA,SAO JOAO DO ARAGUAIA,municipal
1507607,PA,SAO MIGUEL DO GUAMA,municipal
1507706,PA,SAO SEBASTIAO DA BOA VISTA,municipal
1507755,PA,SAPUCAIA,municipal
1507805,PA,SENADOR JOSE PORFIRIO,municipal
1507904,PA,SOURE,municipal
1507953,PA,TAILANDIA,municipal
1507961,PA,TERRA ALTA,municipal
1507979,PA,TERRA SANTA,municipal
1508001,PA,TOME-ACU,municipal
1508035,PA,TRACUATEUA,municipal
1508050,PA,TRAIRAO,municipal
1508084,PA,TUCUMA,municipal
1508100,PA,TUCURUI,municipal
1508126,PA,ULIANOPOLIS,municipal
1508159,PA,URUARA,municipal
1508209,PA,VIGIA,municipal
1508308,PA,VISEU,municipal
1508357,PA,VITORIA DO XINGU,municipal
1508407,PA,XINGUARA,municipal
1600055,AP,SERRA DO NAVIO,municipal
1600105,AP,AMAPA,municipal
1600154,AP,PEDRA BRANCA DO AMAPARI,municipal
1600204,AP,CALCOENE,municipal
1600212,AP,CUTIAS,municipal
1600238,AP,FERREIRA GOMES,municipal
1600253,AP,ITAUBAL,municipal
1600279,AP,LARANJAL DO JARI,municipal
1600303,AP,MACAPA,municipal
1600402,AP,MAZAGAO,municipal
1600501,AP,OIAPOQUE,municipal
1600535,AP,PORTO GRANDE,municipal
1600550,AP,PRACUUBA,municipal
1600600,AP,SANTANA,municipal
1600709,AP,TARTARUGALZINHO,municipal
1600808,AP,VITORIA DO JARI,municipal
1700251,TO,ABREULANDIA,municipal
1700301,TO,AGUIARNOPOLIS,municipal
1700350,TO,ALIANCA DO TOCANTINS,municipal
1700400,TO,ALMAS,municipal
1700707,TO,ALVORADA,municipal
1701002,TO,ANANAS,municipal
1701051,TO,ANGICO,municipal
1701101,TO,APARECIDA DO RIO NEGRO,municipal
1701309,TO,ARAGOMINAS,municipal
1701903,TO,ARAGUACEMA,municipal
1702000,TO,ARAGUACU,municipal
1702109,TO,ARAGUAINA,municipal
1702158,TO,ARAGUANA,municipal
1702208,TO,ARAGUATINS,municipal
1702307,TO,ARAPOEMA,municipal
1702406,TO,ARRAIAS,municipal
1702554,TO,AUGUSTINOPOLIS,municipal
1702703,TO,AURORA DO TOCANTINS,municipal
1702901,TO,AXIXA DO TOCANTINS,municipal
1703008,TO,BABACULANDIA,municipal
1703057,TO,BANDEIRANTES DO TOCANTINS,municipal
1703073,TO,BARRA DO OURO,municipal
1703107,TO,BARROLANDIA,municipal
1703206,TO,BERNARDO SAYAO,municipal
1703305,TO,BOM JESUS DO TOCANTINS,municipal
1703602,TO,BRASILANDIA DO TOCANTINS,municipal
1703701,TO,BREJINHO DE NAZARE,municipal
1703800,TO,BURITI DO TOCANTINS,municipal
1703826,TO,CACHOEIRINHA,municipal
1703842,TO,CAMPOS LINDOS,municipal
1703867,TO,CARIRI DO TOCANTINS,municipal
1703883,TO,CARMOLANDIA,municipal
1703891,TO,CARRASCO BONITO,municipal
1703909,TO,CASEARA,municipal
1704105,TO,CENTENARIO,municipal
1704600,TO,CHAPADA DE AREIA,municipal
1705102,TO,CHAPADA DA NATIVIDADE,municipal
1705508,TO,COLINAS DO TOCANTINS,municipal
1705557,TO,COMBINADO,municipal
1705607,TO,CONCEICAO DO TOCANTINS,municipal
1706001,TO,COUTO DE MAGALHAES,municipal
1706100,TO,CRISTALANDIA,municipal
1706258,TO,CRIXAS DO TOCANTINS,municipal
1706506,TO,DARCINOPOLIS,municipal
1707009,TO,DIANOPOLIS,municipal
1707108,TO,DIVINOPOLIS DO TOCANTINS,municipal
1707207,TO,DOIS IRMAOS DO TOCANTINS,municipal
1707306,TO,DUERE,municipal
1707405,TO,ESPERANTINA,municipal
1707553,TO,FATIMA,municipal
1707652,TO,FIGUEIROPOLIS,municipal
1707702,TO,FILADELFIA,municipal
1708205,TO,FORMOSO DO ARAGUAIA,municipal
1708254,TO,FORTALEZA DO TABOCAO,municipal
1708304,TO,GOIANORTE,municipal
1709005,TO,GOIATINS,municipal
1709302,TO,GUARAI,municipal
1709500,TO,GURUPI,municipal
1709807,TO,IPUEIRAS,municipal
1710508,TO,ITACAJA,municipal
1710706,TO,ITAGUATINS,municipal
1710904,TO,ITAPIRATINS,municipal
1711100,TO,ITAPORA DO TOCANTINS,municipal
1711506,TO,JAU DO TOCANTINS,municipal
1711803,TO,JUARINA,municipal
1711902,TO,LAGOA DA CONFUSAO,municipal
1711951,TO,LAGOA DO TOCANTINS,municipal
1712009,TO,LAJEADO,municipal
1712157,TO,LAVANDEIRA,municipal
1712405,TO,LIZARDA,municipal
1712454,TO,LUZINOPOLIS,municipal
1712504,TO,MARIANOPOLIS DO TOCANTINS,municipal
1712702,TO,MATEIROS,municipal
1712801,TO,MAURILANDIA DO TOCANTINS,municipal
1713205,TO,MIRACEMA DO TOCANTINS,municipal
1713304,TO,MIRANORTE,municipal
1713601,TO,MONTE DO CARMO,municipal
1713700,TO,MONTE SANTO DO TOCANTINS,municipal
1713809,TO,PALMEIRAS DO TOCANTINS,municipal
1713957,TO,MURICILANDIA,municipal
1714203,TO,NATIVIDADE,municipal
1714302,TO,NAZARE,municipal
1714880,TO,NOVA OLINDA,municipal
1715002,TO,NOVA ROSALANDIA,municipal
1715101,TO,NOVO ACORDO,municipal
1715150,TO,NOVO ALEGRE,municipal
1715259,TO,NOVO JARDIM,municipal
1715507,TO,OLIVEIRA DE FATIMA,municipal
1715705,TO,PALMEIRANTE,municipal
1715754,TO,PALMEIROPOLIS,municipal
1716109,TO,PARAISO DO TOCANTINS,municipal
1716208,TO,PARANA,municipal
1716307,TO,PAU DARCO,municipal
1716505,TO,PEDRO AFONSO,municipal
1716604,TO,PEIXE,municipal
1716653,TO,PEQUIZEIRO,municipal
1716703,TO,COLMEIA,municipal
1717008,TO,PINDORAMA DO TOCANTINS,municipal
1717206,TO,PIRAQUE,municipal
1717503,TO,PIUM,municipal
1717800,TO,PONTE ALTA DO BOM JESUS,municipal
1717909,TO,PONTE ALTA DO TOCANTINS,municipal
1718006,TO,PORTO ALEGRE DO TOCANTINS,municipal
1718204,TO,PORTO NACIONAL,municipal
1718303,TO,PRAIA NORTE,municipal
1718402,TO,PRESIDENTE KENNEDY,municipal
1718451,TO,PUGMIL,municipal
1718501,TO,RECURSOLANDIA,municipal
1718550,TO,RIACHINHO,municipal
1718659,TO,RIO DA CONCEICAO,municipal
1718709,TO,RIO DOS BOIS,municipal
1718758,TO,RIO SONO,municipal
1718808,TO,SAMPAIO,municipal
1718840,TO,SANDOLANDIA,municipal
1718865,TO,SANTA FE DO ARAGUAIA,municipal
1718881,TO,SANTA MARIA DO TOCANTINS,municipal
1718899,TO,SANTA RITA DO TOCANTINS,municipal
1718907,TO,SANTA ROSA DO TOCANTINS,municipal
1719004,TO,SANTA TEREZA DO TOCANTINS,municipal
1720002,TO,SANTA TEREZINHA DO TOCANTINS,municipal
1720101,TO,SAO BENTO DO TOCANTINS,municipal
1720150,TO,SAO FELIX DO TOCANTINS,municipal
1720200,TO,SAO MIGUEL DO TOCANTINS,municipal
1720259,TO,SAO SALVADOR DO TOCANTINS,municipal
1720309,TO,SAO SEBASTIAO DO TOCANTINS,municipal
1720499,TO,SAO VALERIO,municipal
1720655,TO,SILVANOPOLIS,municipal
1720804,TO,SITIO NOVO DO TOCANTINS,municipal
1720853,TO,SUCUPIRA,municipal
1720903,TO,TAGUATINGA,municipal
1720937,TO,TAIPAS DO TOCANTINS,municipal
1720978,TO,TALISMA,municipal
1721000,TO,PALMAS,municipal
1721109,TO,TOCANTINIA,municipal
1721208,TO,TOCANTINOPOLIS,municipal
1721257,TO,TUPIRAMA,municipal
1721307,TO,TUPIRATINS,municipal
1722081,TO,WANDERLANDIA,municipal
1722107,TO,XAMBIOA,municipal
2100055,MA,ACAILANDIA,municipal
2100105,MA,AFONSO CUNHA,municipal
2100154,MA,AGUA DOCE DO MARANHAO,municipal
2100204,MA,ALCANTARA,municipal
2100303,MA,ALDEIAS ALTAS,municipal
2100402,MA,ALTAMIRA DO MARANHAO,municipal
2100436,MA,ALTO ALEGRE DO MARANHAO,municipal
2100477,MA,ALTO ALEGRE DO PINDARE,municipal
2100501,MA,ALTO PARNAIBA,municipal
2100550,MA,AMAPA DO MARANHAO,municipal
2100600,MA,AMARANTE DO MARANHAO,municipal
2100709,MA,ANAJATUBA,municipal
2100808,MA,ANAPURUS,municipal
2100832,MA,APICUM-ACU,municipal
2100873,MA,ARAGUANA,municipal
2100907,MA,ARAIOSES,municipal
2100956,MA,ARAME,municipal
2101004,MA,ARARI,municipal
2101103,MA,AXIXA,municipal
2101202,MA,BACABAL,municipal
2101251,MA,BACABEIRA,municipal
2101301,MA,BACURI,municipal
2101350,MA,BACURITUBA,municipal
2101400,MA,BALSAS,municipal
2101509,MA,BARAO DE GRAJAU,municipal
2101608,MA,BARRA DO CORDA,municipal
2101707,MA,BARREIRINHAS,municipal
2101731,MA,BELAGUA,municipal
2101772,MA,BELA VISTA DO MARANHAO,municipal
2101806,MA,BENEDITO LEITE,municipal
2101905,MA,BEQUIMAO,municipal
2101939,MA,BERNARDO DO MEARIM,municipal
2101970,MA,BOA VISTA DO GURUPI,municipal
2102002,MA,BOM JARDIM,municipal
2102036,MA,BOM JESUS DAS SELVAS,municipal
2102077,MA,BOM LUGAR,municipal
2102101,MA,BREJO,municipal
2102150,MA,BREJO DE AREIA,municipal
2102200,MA,BURITI,municipal
2102309,MA,BURITI BRAVO,municipal
2102325,MA,BURITICUPU,municipal
2102358,MA,BURITIRANA,municipal
2102374,MA,CACHOEIRA GRANDE,municipal
2102408,MA,CAJAPIO,municipal
2102507,MA,CAJARI,municipal
2102556,MA,CAMPESTRE DO MARANHAO,municipal
2102606,MA,CANDIDO MENDES,municipal
2102705,MA,CANTANHEDE,municipal
2102754,MA,CAPINZAL DO NORTE,municipal
2102804,MA,CAROLINA,municipal
2102903,MA,CARUTAPERA,municipal
2103000,MA,CAXIAS,municipal
2103109,MA,CEDRAL,municipal
2103125,MA,CENTRAL DO MARANHAO,municipal
2103158,MA,CENTRO DO GUILHERME,municipal
2103174,MA,CENTRO NOVO DO MARANHAO,municipal
2103208,MA,CHAPADINHA,municipal
2103257,MA,CIDELANDIA,municipal
2103307,MA,CODO,municipal
2103406,MA,COELHO NETO,municipal
2103505,MA,COLINAS,municipal
2103554,MA,CONCEICAO DO LAGO-ACU,municipal
2103604,MA,COROATA,municipal
2103703,MA,CURURUPU,municipal
2103752,MA,DAVINOPOLIS,municipal
2103802,MA,DOM PEDRO,municipal
2103901,MA,DUQUE BACELAR,municipal
2104008,MA,ESPERANTINOPOLIS,municipal
2104057,MA,ESTREITO,municipal
2104073,MA,FEIRA NOVA DO MARANHAO,municipal
2104081,MA,FERNANDO FALCAO,municipal
2104099,MA,FORMOSA DA SERRA NEGRA,municipal
2104107,MA,FORTALEZA DOS NOGUEIRAS,municipal
2104206,MA,FORTUNA,municipal
2104305,MA,GODOFREDO VIANA,municipal
2104404,MA,GONCALVES DIAS,municipal
2104503,MA,GOVERNADOR ARCHER,municipal
2104552,MA,GOVERNADOR EDISON LOBAO,municipal
2104602,MA,GOVERNADOR EUGENIO BARROS,municipal
2104628,MA,GOVERNADOR LUIZ ROCHA,municipal
2104651,MA,GOVERNADOR NEWTON BELLO,municipal
2104677,MA,GOVERNADOR NUNES FREIRE,municipal
2104701,MA,GRACA ARANHA,municipal
2104800,MA,GRAJAU,municipal
2104909,MA,GUIMARAES,municipal
2105005,MA,HUMBERTO DE CAMPOS,municipal
2105104,MA,ICATU,municipal
2105153,MA,IGARAPE DO MEIO,municipal
2105203,MA,IGARAPE GRANDE,municipal
2105302,MA,IMPERATRIZ,municipal
2105351,MA,ITAIPAVA DO GRAJAU,municipal
2105401,MA,ITAPECURU MIRIM,municipal
2105427,MA,ITINGA DO MARANHAO,municipal
2105450,MA,JATOBA,municipal
2105476,MA,JENIPAPO DOS VIEIRAS,municipal
2105500,MA,JOAO LISBOA,municipal
2105609,MA,JOSELANDIA,municipal
2105658,MA,JUNCO DO MARANHAO,municipal
2105708,MA,LAGO DA PEDRA,municipal
2105807,MA,LAGO DO JUNCO,municipal
2105906,MA,LAGO VERDE,municipal
2105922,MA,LAGOA DO MATO,municipal
2105948,MA,LAGO DOS RODRIGUES,municipal
2105963,MA,LAGOA GRANDE DO MARANHAO,municipal
2105989,MA,LAJEADO NOVO,municipal
2106003,MA,LIMA CAMPOS,municipal
2106102,MA,LORETO,municipal
2106201,MA,LUIS DOMINGUES,municipal
2106300,MA,MAGALHAES DE ALMEIDA,municipal
2106326,MA,MARACACUME,municipal
2106359,MA,MARAJA DO SENA,municipal
2106375,MA,MARANHAOZINHO,municipal
2106409,MA,MATA ROMA,municipal
2106508,MA,MATINHA,municipal
2106607,MA,MATOES,municipal
2106631,MA,MATOES DO NORTE,municipal
2106672,MA,MILAGRES DO MARANHAO,municipal
2106706,MA,MIRADOR,municipal
2106755,MA,MIRANDA DO NORTE,municipal
2106805,MA,MIRINZAL,municipal
2106904,MA,MONCAO,municipal
2107001,MA,MONTES ALTOS,municipal
2107100,MA,MORROS,municipal
2107209,MA,NINA RODRIGUES,municipal
2107258,MA,NOVA COLINAS,municipal
2107308,MA,NOVA IORQUE,municipal
2107357,MA,NOVA OLINDA DO MARANHAO,municipal
2107407,MA,OLHO DAGUA DAS CUNHAS,municipal
2107456,MA,OLINDA NOVA DO MARANHAO,municipal
2107506,MA,PACO DO LUMIAR,municipal
2107605,MA,PALMEIRANDIA,municipal
2107704,MA,PARAIBANO,municipal
2107803,MA,PARNARAMA,municipal
2107902,MA,PASSAGEM FRANCA,municipal
2108009,MA,PASTOS BONS,municipal
2108058,MA,PAULINO NEVES,municipal
2108108,MA,PAULO RAMOS,municipal
2108207,MA,PEDREIRAS,municipal
2108256,MA,PEDRO DO ROSARIO,municipal
2108306,MA,PENALVA,municipal
2108405,MA,PERI MIRIM,municipal
2108454,MA,PERITORO,municipal
2108504,MA,PINDARE MIRIM,municipal
2108603,MA,PINHEIRO,municipal
2108702,MA,PIO XII,municipal
2108801,MA,PIRAPEMAS,municipal
2108900,MA,POCAO DE PEDRAS,municipal
2109007,MA,PORTO FRANCO,municipal
2109056,MA,PORTO RICO DO MARANHAO,municipal
2109106,MA,PRESIDENTE DUTRA,municipal
2109205,MA,PRESIDENTE JUSCELINO,municipal
2109239,MA,PRESIDENTE MEDICI,municipal
2109270,MA,PRESIDENTE SARNEY,municipal
2109304,MA,PRESIDENTE VARGAS,municipal
2109403,MA,PRIMEIRA CRUZ,municipal
2109452,MA,RAPOSA,municipal
2109502,MA,RIACHAO,municipal
2109551,MA,RIBAMAR FIQUENE,municipal
2109601,MA,ROSARIO,municipal
2109700,MA,SAMBAIBA,municipal
2109759,MA,SANTA FILOMENA DO MARANHAO,municipal
2109809,MA,SANTA HELENA,municipal
2109908,MA,SANTA INES,municipal
2110005,MA,SANTA LUZIA,municipal
2110039,MA,SANTA LUZIA DO PARUA,municipal
2110104,MA,SANTA QUITERIA DO MARANHAO,municipal
2110203,MA,SANTA RITA,municipal
2110237,MA,SANTANA DO MARANHAO,municipal
2110278,MA,SANTO AMARO DO MARANHAO,municipal
2110302,MA,SANTO ANTONIO DOS LOPES,municipal
2110401,MA,SAO BENEDITO DO RIO PRETO,municipal
2110500,MA,SAO BENTO,municipal
2110609,MA,SAO BERNARDO,municipal
2110658,MA,SAO DOMINGOS DO AZEITAO,municipal
2110708,MA,SAO DOMINGOS DO MARANHAO,municipal
2110807,MA,SAO FELIX DE BALSAS,municipal
2110856,MA,SAO FRANCISCO DO BREJAO,municipal
2110906,MA,SAO FRANCISCO DO MARANHAO,municipal
2111003,MA,SAO JOAO BATISTA,municipal
2111029,MA,SAO JOAO DO CARU,municipal
2111052,MA,SAO JOAO DO PARAISO,municipal
2111078,MA,SAO JOAO DO SOTER,municipal
2111102,MA,SAO JOAO DOS PATOS,municipal
2111201,MA,SAO JOSE DE RIBAMAR,municipal
2111250,MA,SAO JOSE DOS BASILIOS,municipal
2111300,MA,SAO LUIS,municipal
2111409,MA,SAO LUIS GONZAGA DO MARANHAO,municipal
2111508,MA,SAO MATEUS DO MARANHAO,municipal
2111532,MA,SAO PEDRO DA AGUA BRANCA,municipal
2111573,MA,SAO PEDRO DOS CRENTES,municipal
2111607,MA,SAO RAIMUNDO DAS MANGABEIRAS,municipal
2111631,MA,SAO RAIMUNDO DO DOCA BEZERRA,municipal
2111672,MA,SAO ROBERTO,municipal
2111706,MA,SAO VICENTE FERRER,municipal
2111722,MA,SATUBINHA,municipal
2111748,MA,SENADOR ALEXANDRE COSTA,municipal
2111763,MA,SENADOR LA ROCQUE,municipal
2111789,MA,SERRANO DO MARANHAO,municipal
2111805,MA,SITIO NOVO,municipal
2111904,MA,SUCUPIRA DO NORTE,municipal
2111953,MA,SUCUPIRA DO RIACHAO,municipal
2112001,MA,TASSO FRAGOSO,municipal
2112100,MA,TIMBIRAS,municipal
2112209,MA,TIMON,municipal
2112233,MA,TRIZIDELA DO VALE,municipal
2112274,MA,TUFILANDIA,municipal
2112308,MA,TUNTUM,municipal
2112407,MA,TURIACU,municipal
2112456,MA,TURILANDIA,municipal
2112506,MA,TUTOIA,municipal
2112605,MA,URBANO SANTOS,municipal
2112704,MA,VARGEM GRANDE,municipal
2112803,MA,VIANA,municipal
2112852,MA,VILA NOVA DOS MARTIRIOS,municipal
2112902,MA,VITORIA DO MEARIM,municipal
2113009,MA,VITORINO FREIRE,municipal
2114007,MA,ZE DOCA,municipal
2200053,PI,ACAUA,municipal
2200103,PI,AGRICOLANDIA,municipal
2200202,PI,AGUA BRANCA,municipal
2200251,PI,ALAGOINHA DO PIAUI,municipal
2200277,PI,ALEGRETE DO PIAUI,municipal
2200301,PI,ALTO LONGA,municipal
2200400,PI,ALTOS,municipal
2200459,PI,ALVORADA DO GURGUEIA,municipal
2200509,PI,AMARANTE,municipal
2200608,PI,ANGICAL DO PIAUI,municipal
2200707,PI,ANISIO DE ABREU,municipal
2200806,PI,ANTONIO ALMEIDA,municipal
2200905,PI,AROAZES,municipal
2200954,PI,AROEIRAS DO ITAIM,municipal
2201002,PI,ARRAIAL,municipal
2201051,PI,ASSUNCAO DO PIAUI,municipal
2201101,PI,AVELINO LOPES,municipal
2201150,PI,BAIXA GRANDE DO RIBEIRO,municipal
2201176,PI,BARRA DALCANTARA,municipal
2201200,PI,BARRAS,municipal
2201309,PI,BARREIRAS DO PIAUI,municipal
2201408,PI,BARRO DURO,municipal
2201507,PI,BATALHA,municipal
2201556,PI,BELA VISTA DO PIAUI,municipal
2201572,PI,BELEM DO PIAUI,municipal
2201606,PI,BENEDITINOS,municipal
2201705,PI,BERTOLINIA,municipal
2201739,PI,BETANIA DO PIAUI,municipal
2201770,PI,BOA HORA,municipal
2201804,PI,BOCAINA,municipal
2201903,PI,BOM JESUS,municipal
2201919,PI,BOM PRINCIPIO DO PIAUI,municipal
2201929,PI,BONFIM DO PIAUI,municipal
2201945,PI,BOQUEIRAO DO PIAUI,municipal
2201960,PI,BRASILEIRA,municipal
2201988,PI,BREJO DO PIAUI,municipal
2202000,PI,BURITI DOS LOPES,municipal
2202026,PI,BURITI DOS MONTES,municipal
2202059,PI,CABECEIRAS DO PIAUI,municipal
2202075,PI,CAJAZEIRAS DO PIAUI,municipal
2202083,PI,CAJUEIRO DA PRAIA,municipal
2202091,PI,CALDEIRAO GRANDE DO PIAUI,municipal
2202109,PI,CAMPINAS DO PIAUI,municipal
2202117,PI,CAMPO ALEGRE DO FIDALGO,municipal
2202133,PI,CAMPO GRANDE DO PIAUI,municipal
2202174,PI,CAMPO LARGO DO PIAUI,municipal
2202208,PI,CAMPO MAIOR,municipal
2202251,PI,CANAVIEIRA,municipal
2202307,PI,CANTO DO BURITI,municipal
2202406,PI,CAPITAO DE CAMPOS,municipal
2202455,PI,CAPITAO GERVASIO OLIVEIRA,municipal
2202505,PI,CARACOL,municipal
2202539,PI,CARAUBAS DO PIAUI,municipal
2202554,PI,CARIDADE DO PIAUI,municipal
2202604,PI,CASTELO DO PIAUI,municipal
2202653,PI,CAXINGO,municipal
2202703,PI,COCAL,municipal
2202711,PI,COCAL DE TELHA,municipal
2202729,PI,COCAL DOS ALVES,municipal
2202737,PI,COIVARAS,municipal
2202752,PI,COLONIA DO GURGUEIA,municipal
2202778,PI,COLONIA DO PIAUI,municipal
2202802,PI,CONCEICAO DO CANINDE,municipal
2202851,PI,CORONEL JOSE DIAS,municipal
2202901,PI,CORRENTE,municipal
2203008,PI,CRISTALANDIA DO PIAUI,municipal
2203107,PI,CRISTINO CASTRO,municipal
2203206,PI,CURIMATA,municipal
2203230,PI,CURRAIS,municipal
2203255,PI,CURRALINHOS,municipal
2203271,PI,CURRAL NOVO DO PIAUI,municipal
2203305,PI,DEMERVAL LOBAO,municipal
2203354,PI,DIRCEU ARCOVERDE,municipal
2203404,PI,DOM EXPEDITO LOPES,municipal
2203420,PI,DOMINGOS MOURAO,municipal
2203453,PI,DOM INOCENCIO,municipal
2203503,PI,ELESBAO VELOSO,municipal
2203602,PI,ELISEU MARTINS,municipal
2203701,PI,ESPERANTINA,municipal
2203750,PI,FARTURA DO PIAUI,municipal
2203800,PI,FLORES DO PIAUI,municipal
2203859,PI,FLORESTA DO PIAUI,municipal
2203909,PI,FLORIANO,municipal
2204006,PI,FRANCINOPOLIS,municipal
2204105,PI,FRANCISCO AYRES,municipal
2204154,PI,FRANCISCO MACEDO,municipal
2204204,PI,FRANCISCO SANTOS,municipal
2204303,PI,FRONTEIRAS,municipal
2204352,PI,GEMINIANO,municipal
2204402,PI,GILBUES,municipal
2204501,PI,GUADALUPE,municipal
2204550,PI,GUARIBAS,municipal
2204600,PI,HUGO NAPOLEAO,municipal
2204659,PI,ILHA GRANDE,municipal
2204709,PI,INHUMA,municipal
2204808,PI,IPIRANGA DO PIAUI,municipal
2204907,PI,ISAIAS COELHO,municipal
2205003,PI,ITAINOPOLIS,municipal
2205102,PI,ITAUEIRA,municipal
2205151,PI,JACOBINA DO PIAUI,municipal
2205201,PI,JAICOS,municipal
2205250,PI,JARDIM DO MULATO,municipal
2205276,PI,JATOBA DO PIAUI,municipal
2205300,PI,JERUMENHA,municipal
2205359,PI,JOAO COSTA,municipal
2205409,PI,JOAQUIM PIRES,municipal
2205458,PI,JOCA MARQUES,municipal
2205508,PI,JOSE DE FREITAS,municipal
2205516,PI,JUAZEIRO DO PIAUI,municipal
2205524,PI,JULIO BORGES,municipal
2205532,PI,JUREMA,municipal
2205540,PI,LAGOINHA DO PIAUI,municipal
2205557,PI,LAGOA ALEGRE,municipal
2205565,PI,LAGOA DO BARRO DO PIAUI,municipal
2205573,PI,LAGOA DE SAO FRANCISCO,municipal
2205581,PI,LAGOA DO PIAUI,municipal
2205599,PI,LAGOA DO SITIO,municipal
2205607,PI,LANDRI SALES,municipal
2205706,PI,LUIS CORREIA,municipal
2205805,PI,LUZILANDIA,municipal
2205854,PI,MADEIRO,municipal
2205904,PI,MANOEL EMIDIO,municipal
2205953,PI,MARCOLANDIA,municipal
2206001,PI,MARCOS PARENTE,municipal
2206050,PI,MASSAPE DO PIAUI,municipal
2206100,PI,MATIAS OLIMPIO,municipal
2206209,PI,MIGUEL ALVES,municipal
2206308,PI,MIGUEL LEAO,municipal
2206357,PI,MILTON BRANDAO,municipal
2206407,PI,MONSENHOR GIL,municipal
2206506,PI,MONSENHOR HIPOLITO,municipal
2206605,PI,MONTE ALEGRE DO PIAUI,municipal
2206654,PI,MORRO CABECA NO TEMPO,municipal
2206670,PI,MORRO DO CHAPEU DO PIAUI,municipal
2206696,PI,MURICI DOS PORTELAS,municipal
2206704,PI,NAZARE DO PIAUI,municipal
2206720,PI,NAZARIA,municipal
2206753,PI,NOSSA SENHORA DE NAZARE,municipal
2206803,PI,NOSSA SENHORA DOS REMEDIOS,municipal
2206902,PI,NOVO ORIENTE DO PIAUI,municipal
2206951,PI,NOVO SANTO ANTONIO,municipal
2207009,PI,OEIRAS,municipal
2207108,PI,OLHO DAGUA DO PIAUI,municipal
2207207,PI,PADRE MARCOS,municipal
2207306,PI,PAES LANDIM,municipal
2207355,PI,PAJEU DO PIAUI,municipal
2207405,PI,PALMEIRA DO PIAUI,municipal
2207504,PI,PALMEIRAIS,municipal
2207553,PI,PAQUETA,municipal
2207603,PI,PARNAGUA,municipal
2207702,PI,PARNAIBA,municipal
2207751,PI,PASSAGEM FRANCA DO PIAUI,municipal
2207777,PI,PATOS DO PIAUI,municipal
2207793,PI,PAU DARCO DO PIAUI,municipal
2207801,PI,PAULISTANA,municipal
2207850,PI,PAVUSSU,municipal
2207900,PI,PEDRO II,municipal
2207934,PI,PEDRO LAURENTINO,municipal
2207959,PI,NOVA SANTA RITA,municipal
2208007,PI,PICOS,municipal
2208106,PI,PIMENTEIRAS,municipal
2208205,PI,PIO IX,municipal
2208304,PI,PIRACURUCA,municipal
2208403,PI,PIRIPIRI,municipal
2208502,PI,PORTO,municipal
2208551,PI,PORTO ALEGRE DO PIAUI,municipal
2208601,PI,PRATA DO PIAUI,municipal
2208650,PI,QUEIMADA NOVA,municipal
2208700,PI,REDENCAO DO GURGUEIA,municipal
2208809,PI,REGENERACAO,municipal
2208858,PI,RIACHO FRIO,municipal
2208874,PI,RIBEIRA DO PIAUI,municipal
2208908,PI,RIBEIRO GONCALVES,municipal
2209005,PI,RIO GRANDE DO PIAUI,municipal
2209104,PI,SANTA CRUZ DO PIAUI,municipal
2209153,PI,SANTA CRUZ DOS MILAGRES,municipal
2209203,PI,SANTA FILOMENA,municipal
2209302,PI,SANTA LUZ,municipal
2209351,PI,SANTANA DO PIAUI,municipal
2209377,PI,SANTA ROSA DO PIAUI,municipal
2209401,PI,SANTO ANTONIO DE LISBOA,municipal
2209450,PI,SANTO ANTONIO DOS MILAGRES,municipal
2209500,PI,SANTO INACIO DO PIAUI,municipal
2209559,PI,SAO BRAZ DO PIAUI,municipal
2209609,PI,SAO FELIX DO PIAUI,municipal
2209658,PI,SAO FRANCISCO DE ASSIS DO PIAUI,municipal
2209708,PI,SAO FRANCISCO DO PIAUI,municipal
2209757,PI,SAO GONCALO DO GURGUEIA,municipal
2209807,PI,SAO GONCALO DO PIAUI,municipal
2209856,PI,SAO JOAO DA CANABRAVA,municipal
2209872,PI,SAO JOAO DA FRONTEIRA,municipal
2209906,PI,SAO JOAO DA SERRA,municipal
2209955,PI,SAO JOAO DA VARJOTA,municipal
2209971,PI,SAO JOAO DO ARRAIAL,municipal
2210003,PI,SAO JOAO DO PIAUI,municipal
2210052,PI,SAO JOSE DO DIVINO,municipal
2210102,PI,SAO JOSE DO PEIXE,municipal
2210201,PI,SAO JOSE DO PIAUI,municipal
2210300,PI,SAO JULIAO,municipal
2210359,PI,SAO LOURENCO DO PIAUI,municipal
2210375,PI,SAO LUIS DO PIAUI,municipal
2210383,PI,SAO MIGUEL DA BAIXA GRANDE,municipal
2210391,PI,SAO MIGUEL DO FIDALGO,municipal
2210409,PI,SAO MIGUEL DO TAPUIO,municipal
2210508,PI,SAO PEDRO DO PIAUI,municipal
2210607,PI,SAO RAIMUNDO NONATO,municipal
2210623,PI,SEBASTIAO BARROS,municipal
2210631,PI,SEBASTIAO LEAL,municipal
2210656,PI,SIGEFREDO PACHECO,municipal
2210706,PI,SIMOES,municipal
2210805,PI,SIMPLICIO MENDES,municipal
2210904,PI,SOCORRO DO PIAUI,municipal
2210938,PI,SUSSUAPARA,municipal
2210953,PI,TAMBORIL DO PIAUI,municipal
2210979,PI,TANQUE DO PIAUI,municipal
2211001,PI,TERESINA,municipal
2211100,PI,UNIAO,municipal
2211209,PI,URUCUI,municipal
2211308,PI,VALENCA DO PIAUI,municipal
2211357,PI,VARZEA BRANCA,municipal
2211407,PI,VARZEA GRANDE,municipal
2211506,PI,VERA MENDES,municipal
2211605,PI,VILA NOVA DO PIAUI,municipal
2211704,PI,WALL FERRAZ,municipal
2300101,CE,ABAIARA,municipal
2300150,CE,ACARAPE,municipal
2300200,CE,ACARAU,municipal
2300309,CE,ACOPIARA,municipal
2300408,CE,AIUABA,municipal
2300507,CE,ALCANTARAS,municipal
2300606,CE,ALTANEIRA,municipal
2300705,CE,ALTO SANTO,municipal
2300754,CE,AMONTADA,municipal
2300804,CE,ANTONINA DO NORTE,municipal
2300903,CE,APUIARES,municipal
2301000,CE,AQUIRAZ,municipal
2301109,CE,ARACATI,municipal
2301208,CE,ARACOIABA,municipal
2301257,CE,ARARENDA,municipal
2301307,CE,ARARIPE,municipal
2301406,CE,ARATUBA,municipal
2301505,CE,ARNEIROZ,municipal
2301604,CE,ASSARE,municipal
2301703,CE,AURORA,municipal
2301802,CE,BAIXIO,municipal
2301851,CE,BANABUIU,municipal
2301901,CE,BARBALHA,municipal
2301950,CE,BARREIRA,municipal
2302008,CE,BARRO,municipal
2302057,CE,BARROQUINHA,municipal
2302107,CE,BATURITE,municipal
2302206,CE,BEBERIBE,municipal
2302305,CE,BELA CRUZ,municipal
2302404,CE,BOA VIAGEM,municipal
2302503,CE,BREJO SANTO,municipal
2302602,CE,CAMOCIM,municipal
2302701,CE,CAMPOS SALES,municipal
2302800,CE,CANINDE,municipal
2302909,CE,CAPISTRANO,municipal
2303006,CE,CARIDADE,municipal
2303105,CE,CARIRE,municipal
2303204,CE,CARIRIACU,municipal
2303303,CE,CARIUS,municipal
2303402,CE,CARNAUBAL,municipal
2303501,CE,CASCAVEL,municipal
2303600,CE,CATARINA,municipal
2303659,CE,CATUNDA,municipal
2303709,CE,CAUCAIA,municipal
2303808,CE,CEDRO,municipal
2303907,CE,CHAVAL,municipal
2303931,CE,CHORO,municipal
2303956,CE,CHOROZINHO,municipal
2304004,CE,COREAU,municipal
2304103,CE,CRATEUS,municipal
2304202,CE,CRATO,municipal
2304236,CE,CROATA,municipal
2304251,CE,CRUZ,municipal
2304269,CE,DEPUTADO IRAPUAN PINHEIRO,municipal
2304277,CE,ERERE,municipal
2304285,CE,EUSEBIO,municipal
2304301,CE,FARIAS BRITO,municipal
2304350,CE,FORQUILHA,municipal
2304400,CE,FORTALEZA,municipal
2304459,CE,FORTIM,municipal
2304509,CE,FRECHEIRINHA,municipal
2304608,CE,GENERAL SAMPAIO,municipal
2304657,CE,GRACA,municipal
2304707,CE,GRANJA,municipal
2304806,CE,GRANJEIRO,municipal
2304905,CE,GROAIRAS,municipal
2304954,CE,GUAIUBA,municipal
2305001,CE,GUARACIABA DO NORTE,municipal
2305100,CE,GUARAMIRANGA,municipal
2305209,CE,HIDROLANDIA,municipal
2305233,CE,HORIZONTE,municipal
2305266,CE,IBARETAMA,municipal
2305308,CE,IBIAPINA,municipal
2305332,CE,IBICUITINGA,municipal
2305357,CE,ICAPUI,municipal
2305407,CE,ICO,municipal
2305506,CE,IGUATU,municipal
2305605,CE,INDEPENDENCIA,municipal
2305654,CE,IPAPORANGA,municipal
2305704,CE,IPAUMIRIM,municipal
2305803,CE,IPU,municipal
2305902,CE,IPUEIRAS,municipal
2306009,CE,IRACEMA,municipal
2306108,CE,IRAUCUBA,municipal
2306207,CE,ITAICABA,municipal
2306256,CE,ITAITINGA,municipal
2306306,CE,ITAPAJE,municipal
2306405,CE,ITAPIPOCA,municipal
2306504,CE,ITAPIUNA,municipal
2306553,CE,ITAREMA,municipal
2306603,CE,ITATIRA,municipal
2306702,CE,JAGUARETAMA,municipal
2306801,CE,JAGUARIBARA,municipal
2306900,CE,JAGUARIBE,municipal
2307007,CE,JAGUARUANA,municipal
2307106,CE,JARDIM,municipal
2307205,CE,JATI,municipal
2307254,CE,JIJOCA DE JERICOACOARA,municipal
2307304,CE,JUAZEIRO DO NORTE,municipal
2307403,CE,JUCAS,municipal
2307502,CE,LAVRAS DA MANGABEIRA,municipal
2307601,CE,LIMOEIRO DO NORTE,municipal
2307635,CE,MADALENA,municipal
2307650,CE,MARACANAU,municipal
2307700,CE,MARANGUAPE,municipal
2307809,CE,MARCO,municipal
2307908,CE,MARTINOPOLE,municipal
2308005,CE,MASSAPE,municipal
2308104,CE,MAURITI,municipal
2308203,CE,MERUOCA,municipal
2308302,CE,MILAGRES,municipal
2308351,CE,MILHA,municipal
2308377,CE,MIRAIMA,municipal
2308401,CE,MISSAO VELHA,municipal
2308500,CE,MOMBACA,municipal
2308609,CE,MONSENHOR TABOSA,municipal
2308708,CE,MORADA NOVA,municipal
2308807,CE,MORAUJO,municipal
2308906,CE,MORRINHOS,municipal
2309003,CE,MUCAMBO,municipal
2309102,CE,MULUNGU,municipal
2309201,CE,NOVA OLINDA,municipal
2309300,CE,NOVA RUSSAS,municipal
2309409,CE,NOVO ORIENTE,municipal
2309458,CE,OCARA,municipal
2309508,CE,OROS,municipal
2309607,CE,PACAJUS,municipal
2309706,CE,PACATUBA,municipal
2309805,CE,PACOTI,municipal
2309904,CE,PACUJA,municipal
2310001,CE,PALHANO,municipal
2310100,CE,PALMACIA,municipal
2310209,CE,PARACURU,municipal
2310258,CE,PARAIPABA,municipal
2310308,CE,PARAMBU,municipal
2310407,CE,PARAMOTI,municipal
2310506,CE,PEDRA BRANCA,municipal
2310605,CE,PENAFORTE,municipal
2310704,CE,PENTECOSTE,municipal
2310803,CE,PEREIRO,municipal
2310852,CE,PINDORETAMA,municipal
2310902,CE,PIQUET CARNEIRO,municipal
2310951,CE,PIRES FERREIRA,municipal
2311009,CE,PORANGA,municipal
2311108,CE,PORTEIRAS,municipal
2311207,CE,POTENGI,municipal
2311231,CE,POTIRETAMA,municipal
2311264,CE,QUITERIANOPOLIS,municipal
2311306,CE,QUIXADA,municipal
2311355,CE,QUIXELO,municipal
2311405,CE,QUIXERAMOBIM,municipal
2311504,CE,QUIXERE,municipal
2311603,CE,REDENCAO,municipal
2311702,CE,RERIUTABA,municipal
2311801,CE,RUSSAS,municipal
2311900,CE,SABOEIRO,municipal
2311959,CE,SALITRE,municipal
2312007,CE,SANTANA DO ACARAU,municipal
2312106,CE,SANTANA DO CARIRI,municipal
2312205,CE,SANTA QUITERIA,municipal
2312304,CE,SAO BENEDITO,municipal
2312403,CE,SAO GONCALO DO AMARANTE,municipal
2312502,CE,SAO JOAO DO JAGUARIBE,municipal
2312601,CE,SAO LUIS DO CURU,municipal
2312700,CE,SENADOR POMPEU,municipal
2312809,CE,SENADOR SA,municipal
2312908,CE,SOBRAL,municipal
2313005,CE,SOLONOPOLE,municipal
2313104,CE,TABULEIRO DO NORTE,municipal
2313203,CE,TAMBORIL,municipal
2313252,CE,TARRAFAS,municipal
2313302,CE,TAUA,municipal
2313351,CE,TEJUCUOCA,municipal
2313401,CE,TIANGUA,municipal
2313500,CE,TRAIRI,municipal
2313559,CE,TURURU,municipal
2313609,CE,UBAJARA,municipal
2313708,CE,UMARI,municipal
2313757,CE,UMIRIM,municipal
2313807,CE,URUBURETAMA,municipal
2313906,CE,URUOCA,municipal
2313955,CE,VARJOTA,municipal
2314003,CE,VARZEA ALEGRE,municipal
2314102,CE,VICOSA DO CEARA,municipal
2400109,RN,ACARI,municipal
2400208,RN,ACU,municipal
2400307,RN,AFONSO BEZERRA,municipal
2400406,RN,AGUA NOVA,municipal
2400505,RN,ALEXANDRIA,municipal
2400604,RN,ALMINO AFONSO,municipal
2400703,RN,ALTO DO RODRIGUES,municipal
2400802,RN,ANGICOS,municipal
2400901,RN,ANTONIO MARTINS,municipal
2401008,RN,APODI,municipal
2401107,RN,AREIA BRANCA,municipal
2401206,RN,ARES,municipal
2401305,RN,AUGUSTO SEVERO,municipal
2401404,RN,BAIA FORMOSA,municipal
2401453,RN,BARAUNA,municipal
2401503,RN,BARCELONA,municipal
2401602,RN,BENTO FERNANDES,municipal
2401651,RN,BODO,municipal
2401701,RN,BOM JESUS,municipal
2401800,RN,BREJINHO,municipal
2401859,RN,CAICARA DO NORTE,municipal
2401909,RN,CAICARA DO RIO DO VENTO,municipal
2402006,RN,CAICO,municipal
2402105,RN,CAMPO REDONDO,municipal
2402204,RN,CANGUARETAMA,municipal
2402303,RN,CARAUBAS,municipal
2402402,RN,CARNAUBA DOS DANTAS,municipal
2402501,RN,CARNAUBAIS,municipal
2402600,RN,CEARA MIRIM,municipal
2402709,RN,CERRO CORA,municipal
2402808,RN,CORONEL EZEQUIEL,municipal
2402907,RN,CORONEL JOAO PESSOA,municipal
2403004,RN,CRUZETA,municipal
2403103,RN,CURRAIS NOVOS,municipal
2403202,RN,DOUTOR SEVERIANO,municipal
2403251,RN,PARNAMIRIM,municipal
2403301,RN,ENCANTO,municipal
2403400,RN,EQUADOR,municipal
2403509,RN,ESPIRITO SANTO,municipal
2403608,RN,EXTREMOZ,municipal
2403707,RN,FELIPE GUERRA,municipal
2403756,RN,FERNANDO PEDROZA,municipal
2403806,RN,FLORANIA,municipal
2403905,RN,FRANCISCO DANTAS,municipal
2404002,RN,FRUTUOSO GOMES,municipal
2404101,RN,GALINHOS,municipal
2404200,RN,GOIANINHA,municipal
2404309,RN,GOVERNADOR DIX-SEPT ROSADO,municipal
2404408,RN,GROSSOS,municipal
2404507,RN,GUAMARE,municipal
2404606,RN,IELMO MARINHO,municipal
2404705,RN,IPANGUACU,municipal
2404804,RN,IPUEIRA,municipal
2404853,RN,ITAJA,municipal
2404903,RN,ITAU,municipal
2405009,RN,JACANA,municipal
2405108,RN,JANDAIRA,municipal
2405207,RN,JANDUIS,municipal
2405306,RN,JANUARIO CICCO,municipal
2405405,RN,JAPI,municipal
2405504,RN,JARDIM DE ANGICOS,municipal
2405603,RN,JARDIM DE PIRANHAS,municipal
2405702,RN,JARDIM DO SERIDO,municipal
2405801,RN,JOAO CAMARA,municipal
2405900,RN,JOAO DIAS,municipal
2406007,RN,JOSE DA PENHA,municipal
2406106,RN,JUCURUTU,municipal
2406155,RN,JUNDIA,municipal
2406205,RN,LAGOA DANTA,municipal
2406304,RN,LAGOA DE PEDRAS,municipal
2406403,RN,LAGOA DE VELHOS,municipal
2406502,RN,LAGOA NOVA,municipal
2406601,RN,LAGOA SALGADA,municipal
2406700,RN,LAJES,municipal
2406809,RN,LAJES PINTADAS,municipal
2406908,RN,LUCRECIA,municipal
2407005,RN,LUIS GOMES,municipal
2407104,RN,MACAIBA,municipal
2407203,RN,MACAU,municipal
2407252,RN,MAJOR SALES,municipal
2407302,RN,MARCELINO VIEIRA,municipal
2407401,RN,MARTINS,municipal
2407500,RN,MAXARANGUAPE,municipal
2407609,RN,MESSIAS TARGINO,municipal
2407708,RN,MONTANHAS,municipal
2407807,RN,MONTE ALEGRE,municipal
2407906,RN,MONTE DAS GAMELEIRAS,municipal
2408003,RN,MOSSORO,municipal
2408102,RN,NATAL,municipal
2408201,RN,NISIA FLORESTA,municipal
2408300,RN,NOVA CRUZ,municipal
2408409,RN,OLHO DAGUA DO BORGES,municipal
2408508,RN,OURO BRANCO,municipal
2408607,RN,PARANA,municipal
2408706,RN,PARAU,municipal
2408805,RN,PARAZINHO,municipal
2408904,RN,PARELHAS,municipal
2408953,RN,RIO DO FOGO,municipal
2409100,RN,PASSA E FICA,municipal
2409209,RN,PASSAGEM,municipal
2409308,RN,PATU,municipal
2409332,RN,SANTA MARIA,municipal
2409407,RN,PAU DOS FERROS,municipal
2409506,RN,PEDRA GRANDE,municipal
2409605,RN,PEDRA PRETA,municipal
2409704,RN,PEDRO AVELINO,municipal
2409803,RN,PEDRO VELHO,municipal
2409902,RN,PENDENCIAS,municipal
2410009,RN,PILOES,municipal
2410108,RN,POCO BRANCO,municipal
2410207,RN,PORTALEGRE,municipal
2410256,RN,PORTO DO MANGUE,municipal
2410306,RN,PRESIDENTE JUSCELINO,municipal
2410405,RN,PUREZA,municipal
2410504,RN,RAFAEL FERNANDES,municipal
2410603,RN,RAFAEL GODEIRO,municipal
2410702,RN,RIACHO DA CRUZ,municipal
2410801,RN,RIACHO DE SANTANA,municipal
2410900,RN,RIACHUELO,municipal
2411007,RN,RODOLFO FERNANDES,municipal
2411056,RN,TIBAU,municipal
2411106,RN,RUY BARBOSA,municipal
2411205,RN,SANTA CRUZ,municipal
2411403,RN,SANTANA DO MATOS,municipal
2411429,RN,SANTANA DO SERIDO,municipal
2411502,RN,SANTO ANTONIO,municipal
2411601,RN,SAO BENTO DO NORTE,municipal
2411700,RN,SAO BENTO DO TRAIRI,municipal
2411809,RN,SAO FERNANDO,municipal
2411908,RN,SAO FRANCISCO DO OESTE,municipal
2412005,RN,SAO GONCALO DO AMARANTE,municipal
2412104,RN,SAO JOAO DO SABUGI,municipal
2412203,RN,SAO JOSE DE MIPIBU,municipal
2412302,RN,SAO JOSE DO CAMPESTRE,municipal
2412401,RN,SAO JOSE DO SERIDO,municipal
2412500,RN,SAO MIGUEL,municipal
2412559,RN,SAO MIGUEL DO GOSTOSO,municipal
2412609,RN,SAO PAULO DO POTENGI,municipal
2412708,RN,SAO PEDRO,municipal
2412807,RN,SAO RAFAEL,municipal
2412906,RN,SAO TOME,municipal
2413003,RN,SAO VICENTE,municipal
2413102,RN,SENADOR ELOI DE SOUZA,municipal
2413201,RN,SENADOR GEORGINO AVELINO,municipal
2413300,RN,SERRA DE SAO BENTO,municipal
2413359,RN,SERRA DO MEL,municipal
2413409,RN,SERRA NEGRA DO NORTE,municipal
2413508,RN,SERRINHA,municipal
2413557,RN,SERRINHA DOS PINTOS,municipal
2413607,RN,SEVERIANO MELO,municipal
2413706,RN,SITIO NOVO,municipal
2413805,RN,TABOLEIRO GRANDE,municipal
2413904,RN,TAIPU,municipal
2414001,RN,TANGARA,municipal
2414100,RN,TENENTE ANANIAS,municipal
2414159,RN,TENENTE LAURENTINO CRUZ,municipal
2414209,RN,TIBAU DO SUL,municipal
2414308,RN,TIMBAUBA DOS BATISTAS,municipal
2414407,RN,TOUROS,municipal
2414456,RN,TRIUNFO POTIGUAR,municipal
2414506,RN,UMARIZAL,municipal
2414605,RN,UPANEMA,municipal
2414704,RN,VARZEA,municipal
2414753,RN,VENHA-VER,municipal
2414803,RN,VERA CRUZ,municipal
2414902,RN,VICOSA,municipal
2415008,RN,VILA FLOR,municipal
2500106,PB,AGUA BRANCA,municipal
2500205,PB,AGUIAR,municipal
2500304,PB,ALAGOA GRANDE,municipal
2500403,PB,ALAGOA NOVA,municipal
2500502,PB,ALAGOINHA,municipal
2500536,PB,ALCANTIL,municipal
2500577,PB,ALGODAO DE JANDAIRA,municipal
2500601,PB,ALHANDRA,municipal
2500700,PB,SAO JOAO DO RIO DO PEIXE,municipal
2500734,PB,AMPARO,municipal
2500775,PB,APARECIDA,municipal
2500809,PB,ARACAGI,municipal
2500908,PB,ARARA,municipal
2501005,PB,ARARUNA,municipal
2501104,PB,AREIA,municipal
2501153,PB,AREIA DE BARAUNAS,municipal
2501203,PB,AREIAL,municipal
2501302,PB,AROEIRAS,municipal
2501351,PB,ASSUNCAO,municipal
2501401,PB,BAIA DA TRAICAO,municipal
2501500,PB,BANANEIRAS,municipal
2501534,PB,BARAUNA,municipal
2501575,PB,BARRA DE SANTANA,municipal
2501609,PB,BARRA DE SANTA ROSA,municipal
2501708,PB,BARRA DE SAO MIGUEL,municipal
2501807,PB,BAYEUX,municipal
2501906,PB,BELEM,municipal
2502003,PB,BELEM DO BREJO DO CRUZ,municipal
2502052,PB,BERNARDINO BATISTA,municipal
2502102,PB,BOA VENTURA,municipal
2502151,PB,BOA VISTA,municipal
2502201,PB,BOM JESUS,municipal
2502300,PB,BOM SUCESSO,municipal
2502409,PB,BONITO DE SANTA FE,municipal
2502508,PB,BOQUEIRAO,municipal
2502607,PB,IGARACY,municipal
2502706,PB,BORBOREMA,municipal
2502805,PB,BREJO DO CRUZ,municipal
2502904,PB,BREJO DOS SANTOS,municipal
2503001,PB,CAAPORA,municipal
2503100,PB,CABACEIRAS,municipal
2503209,PB,CABEDELO,municipal
2503308,PB,CACHOEIRA DOS INDIOS,municipal
2503407,PB,CACIMBA DE AREIA,municipal
2503506,PB,CACIMBA DE DENTRO,municipal
2503555,PB,CACIMBAS,municipal
2503605,PB,CAICARA,municipal
2503704,PB,CAJAZEIRAS,municipal
2503753,PB,CAJAZEIRINHAS,municipal
2503803,PB,CALDAS BRANDAO,municipal
2503902,PB,CAMALAU,municipal
2504009,PB,CAMPINA GRANDE,municipal
2504033,PB,CAPIM,municipal
2504074,PB,CARAUBAS,municipal
2504108,PB,CARRAPATEIRA,municipal
2504157,PB,CASSERENGUE,municipal
2504207,PB,CATINGUEIRA,municipal
2504306,PB,CATOLE DO ROCHA,municipal
2504355,PB,CATURITE,municipal
2504405,PB,CONCEICAO,municipal
2504504,PB,CONDADO,municipal
2504603,PB,CONDE,municipal
2504702,PB,CONGO,municipal
2504801,PB,COREMAS,municipal
2504850,PB,COXIXOLA,municipal
2504900,PB,CRUZ DO ESPIRITO SANTO,municipal
2505006,PB,CUBATI,municipal
2505105,PB,CUITE,municipal
2505204,PB,CUITEGI,municipal
2505238,PB,CUITE DE MAMANGUAPE,municipal
2505279,PB,CURRAL DE CIMA,municipal
2505303,PB,CURRAL VELHO,municipal
2505352,PB,DAMIAO,municipal
2505402,PB,DESTERRO,municipal
2505501,PB,VISTA SERRANA,municipal
2505600,PB,DIAMANTE,municipal
2505709,PB,DONA INES,municipal
2505808,PB,DUAS ESTRADAS,municipal
2505907,PB,EMAS,municipal
2506004,PB,ESPERANCA,municipal
2506103,PB,FAGUNDES,municipal
2506202,PB,FREI MARTINHO,municipal
2506251,PB,GADO BRAVO,municipal
2506301,PB,GUARABIRA,municipal
2506400,PB,GURINHEM,municipal
2506509,PB,GURJAO,municipal
2506608,PB,IBIARA,municipal
2506707,PB,IMACULADA,municipal
2506806,PB,INGA,municipal
2506905,PB,ITABAIANA,municipal
2507002,PB,ITAPORANGA,municipal
2507101,PB,ITAPOROROCA,municipal
2507200,PB,ITATUBA,municipal
2507309,PB,JACARAU,municipal
2507408,PB,JERICO,municipal
2507507,PB,JOAO PESSOA,municipal
2507606,PB,JUAREZ TAVORA,municipal
2507705,PB,JUAZEIRINHO,municipal
2507804,PB,JUNCO DO SERIDO,municipal
2507903,PB,JURIPIRANGA,municipal
2508000,PB,JURU,municipal
2508109,PB,LAGOA,municipal
2508208,PB,LAGOA DE DENTRO,municipal
2508307,PB,LAGOA SECA,municipal
2508406,PB,LASTRO,municipal
2508505,PB,LIVRAMENTO,municipal
2508554,PB,LOGRADOURO,municipal
2508604,PB,LUCENA,municipal
2508703,PB,MAE DAGUA,municipal
2508802,PB,MALTA,municipal
2508901,PB,MAMANGUAPE,municipal
2509008,PB,MANAIRA,municipal
2509057,PB,MARCACAO,municipal
2509107,PB,MARI,municipal
2509156,PB,MARIZOPOLIS,municipal
2509206,PB,MASSARANDUBA,municipal
2509305,PB,MATARACA,municipal
2509339,PB,MATINHAS,municipal
2509370,PB,MATO GROSSO,municipal
2509396,PB,MATUREIA,municipal
2509404,PB,MOGEIRO,municipal
2509503,PB,MONTADAS,municipal
2509602,PB,MONTE HOREBE,municipal
2509701,PB,MONTEIRO,municipal
2509800,PB,MULUNGU,municipal
2509909,PB,NATUBA,municipal
2510006,PB,NAZAREZINHO,municipal
2510105,PB,NOVA FLORESTA,municipal
2510204,PB,NOVA OLINDA,municipal
2510303,PB,NOVA PALMEIRA,municipal
2510402,PB,OLHO DAGUA,municipal
2510501,PB,OLIVEDOS,municipal
2510600,PB,OURO VELHO,municipal
2510659,PB,PARARI,municipal
2510709,PB,PASSAGEM,municipal
2510808,PB,PATOS,municipal
2510907,PB,PAULISTA,municipal
2511004,PB,PEDRA BRANCA,municipal
2511103,PB,PEDRA LAVRADA,municipal
2511202,PB,PEDRAS DE FOGO,municipal
2511301,PB,PIANCO,municipal
2511400,PB,PICUI,municipal
2511509,PB,PILAR,municipal
2511608,PB,PILOES,municipal
2511707,PB,PILOEZINHOS,municipal
2511806,PB,PIRPIRITUBA,municipal
2511905,PB,PITIMBU,municipal
2512002,PB,POCINHOS,municipal
2512036,PB,POCO DANTAS,municipal
2512077,PB,POCO DE JOSE DE MOURA,municipal
2512101,PB,POMBAL,municipal
2512200,PB,PRATA,municipal
2512309,PB,PRINCESA ISABEL,municipal
2512408,PB,PUXINANA,municipal
2512507,PB,QUEIMADAS,municipal
2512606,PB,QUIXABA,municipal
2512705,PB,REMIGIO,municipal
2512721,PB,PEDRO REGIS,municipal
2512747,PB,RIACHAO,municipal
2512754,PB,RIACHAO DO BACAMARTE,municipal
2512762,PB,RIACHAO DO POCO,municipal
2512788,PB,RIACHO DE SANTO ANTONIO,municipal
2512804,PB,RIACHO DOS CAVALOS,municipal
2512903,PB,RIO TINTO,municipal
2513000,PB,SALGADINHO,municipal
2513109,PB,SALGADO DE SAO FELIX,municipal
2513158,PB,SANTA CECILIA,municipal
2513208,PB,SANTA CRUZ,municipal
2513307,PB,SANTA HELENA,municipal
2513356,PB,SANTA INES,municipal
2513406,PB,SANTA LUZIA,municipal
2513505,PB,SANTANA DE MANGUEIRA,municipal
2513604,PB,SANTANA DOS GARROTES,municipal
2513653,PB,JOCA CLAUDINO,municipal
2513703,PB,SANTA RITA,municipal
2513802,PB,SANTA TERESINHA,municipal
2513851,PB,SANTO ANDRE,municipal
2513901,PB,SAO BENTO,municipal
2513927,PB,SAO BENTINHO,municipal
2513943,PB,SAO DOMINGOS DO CARIRI,municipal
2513968,PB,SAO DOMINGOS,municipal
2513984,PB,SAO FRANCISCO,municipal
2514008,PB,SAO JOAO DO CARIRI,municipal
2514107,PB,SAO JOAO DO TIGRE,municipal
2514206,PB,SAO JOSE DA LAGOA TAPADA,municipal
2514305,PB,SAO JOSE DE CAIANA,municipal
2514404,PB,SAO JOSE DE ESPINHARAS,municipal
2514453,PB,SAO JOSE DOS RAMOS,municipal
2514503,PB,SAO JOSE DE PIRANHAS,municipal
2514552,PB,SAO JOSE DE PRINCESA,municipal
2514602,PB,SAO JOSE DO BONFIM,municipal
2514651,PB,SAO JOSE DO BREJO DO CRUZ,municipal
2514701,PB,SAO JOSE DO SABUGI,municipal
2514800,PB,SAO JOSE DOS CORDEIROS,municipal
2514909,PB,SAO MAMEDE,municipal
2515005,PB,SAO MIGUEL DE TAIPU,municipal
2515104,PB,SAO SEBASTIAO DE LAGOA DE ROCA,municipal
2515203,PB,SAO SEBASTIAO DO UMBUZEIRO,municipal
2515302,PB,SAPE,municipal
2515401,PB,SAO VICENTE DO SERIDO,municipal
2515500,PB,SERRA BRANCA,municipal
2515609,PB,SERRA DA RAIZ,municipal
2515708,PB,SERRA GRANDE,municipal
2515807,PB,SERRA REDONDA,municipal
2515906,PB,SERRARIA,municipal
2515930,PB,SERTAOZINHO,municipal
2515971,PB,SOBRADO,municipal
2516003,PB,SOLANEA,municipal
2516102,PB,SOLEDADE,municipal
2516151,PB,SOSSEGO,municipal
2516201,PB,SOUSA,municipal
2516300,PB,SUME,municipal
2516409,PB,TACIMA,municipal
2516508,PB,TAPEROA,municipal
2516607,PB,TAVARES,municipal
2516706,PB,TEIXEIRA,municipal
2516755,PB,TENORIO,municipal
2516805,PB,TRIUNFO,municipal
2516904,PB,UIRAUNA,municipal
2517001,PB,UMBUZEIRO,municipal
2517100,PB,VARZEA,municipal
2517209,PB,VIEIROPOLIS,municipal
2517407,PB,ZABELE,municipal
2600054,PE,ABREU E LIMA,municipal
2600104,PE,AFOGADOS DA INGAZEIRA,municipal
2600203,PE,AFRANIO,municipal
2600302,PE,AGRESTINA,municipal
2600401,PE,AGUA PRETA,municipal
2600500,PE,AGUAS BELAS,municipal
2600609,PE,ALAGOINHA,municipal
2600708,PE,ALIANCA,municipal
2600807,PE,ALTINHO,municipal
2600906,PE,AMARAJI,municipal
2601003,PE,ANGELIM,municipal
2601052,PE,ARACOIABA,municipal
2601102,PE,ARARIPINA,municipal
2601201,PE,ARCOVERDE,municipal
2601300,PE,BARRA DE GUABIRABA,municipal
2601409,PE,BARREIROS,municipal
2601508,PE,BELEM DE MARIA,municipal
2601607,PE,BELEM DO SAO FRANCISCO,municipal
2601706,PE,BELO JARDIM,municipal
2601805,PE,BETANIA,municipal
2601904,PE,BEZERROS,municipal
2602001,PE,BODOCO,municipal
2602100,PE,BOM CONSELHO,municipal
2602209,PE,BOM JARDIM,municipal
2602308,PE,BONITO,municipal
2602407,PE,BREJAO,municipal
2602506,PE,BREJINHO,municipal
2602605,PE,BREJO DA MADRE DE DEUS,municipal
2602704,PE,BUENOS AIRES,municipal
2602803,PE,BUIQUE,municipal
2602902,PE,CABO DE SANTO AGOSTINHO,municipal
2603009,PE,CABROBO,municipal
2603108,PE,CACHOEIRINHA,municipal
2603207,PE,CAETES,municipal
2603306,PE,CALCADO,municipal
2603405,PE,CALUMBI,municipal
2603454,PE,CAMARAGIBE,municipal
2603504,PE,CAMOCIM DE SAO FELIX,municipal
2603603,PE,CAMUTANGA,municipal
2603702,PE,CANHOTINHO,municipal
2603801,PE,CAPOEIRAS,municipal
2603900,PE,CARNAIBA,municipal
2603926,PE,CARNAUBEIRA DA PENHA,municipal
2604007,PE,CARPINA,municipal
2604106,PE,CARUARU,municipal
2604155,PE,CASINHAS,municipal
2604205,PE,CATENDE,municipal
2604304,PE,CEDRO,municipal
2604403,PE,CHA DE ALEGRIA,municipal
2604502,PE,CHA GRANDE,municipal
2604601,PE,CONDADO,municipal
2604700,PE,CORRENTES,municipal
2604809,PE,CORTES,municipal
2604908,PE,CUMARU,municipal
2605004,PE,CUPIRA,municipal
2605103,PE,CUSTODIA,municipal
2605152,PE,DORMENTES,municipal
2605202,PE,ESCADA,municipal
2605301,PE,EXU,municipal
2605400,PE,FEIRA NOVA,municipal
2605509,PE,FERREIROS,municipal
2605608,PE,FLORES,municipal
2605707,PE,FLORESTA,municipal
2605806,PE,FREI MIGUELINHO,municipal
2605905,PE,GAMELEIRA,municipal
2606002,PE,GARANHUNS,municipal
2606101,PE,GLORIA DO GOITA,municipal
2606200,PE,GOIANA,municipal
2606309,PE,GRANITO,municipal
2606408,PE,GRAVATA,municipal
2606507,PE,IATI,municipal
2606606,PE,IBIMIRIM,municipal
2606705,PE,IBIRAJUBA,municipal
2606804,PE,IGARASSU,municipal
2606903,PE,IGUARACY,municipal
2607000,PE,INAJA,municipal
2607109,PE,INGAZEIRA,municipal
2607208,PE,IPOJUCA,municipal
2607307,PE,IPUBI,municipal
2607406,PE,ITACURUBA,municipal
2607505,PE,ITAIBA,municipal
2607604,PE,ILHA DE ITAMARACA,municipal
2607653,PE,ITAMBE,municipal
2607703,PE,ITAPETIM,municipal
2607752,PE,ITAPISSUMA,municipal
2607802,PE,ITAQUITINGA,municipal
2607901,PE,JABOATAO DOS GUARARAPES,municipal
2607950,PE,JAQUEIRA,municipal
2608008,PE,JATAUBA,municipal
2608057,PE,JATOBA,municipal
2608107,PE,JOAO ALFREDO,municipal
2608206,PE,JOAQUIM NABUCO,municipal
2608255,PE,JUCATI,municipal
2608305,PE,JUPI,municipal
2608404,PE,JUREMA,municipal
2608453,PE,LAGOA DO CARRO,municipal
2608503,PE,LAGOA DE ITAENGA,municipal
2608602,PE,LAGOA DO OURO,municipal
2608701,PE,LAGOA DOS GATOS,municipal
2608750,PE,LAGOA GRANDE,municipal
2608800,PE,LAJEDO,municipal
2608909,PE,LIMOEIRO,municipal
2609006,PE,MACAPARANA,municipal
2609105,PE,MACHADOS,municipal
2609154,PE,MANARI,municipal
2609204,PE,MARAIAL,municipal
2609303,PE,MIRANDIBA,municipal
2609402,PE,MORENO,municipal
2609501,PE,NAZARE DA MATA,municipal
2609600,PE,OLINDA,municipal
2609709,PE,OROBO,municipal
2609808,PE,OROCO,municipal
2609907,PE,OURICURI,municipal
2610004,PE,PALMARES,municipal
2610103,PE,PALMEIRINA,municipal
2610202,PE,PANELAS,municipal
2610301,PE,PARANATAMA,municipal
2610400,PE,PARNAMIRIM,municipal
2610509,PE,PASSIRA,municipal
2610608,PE,PAUDALHO,municipal
2610707,PE,PAULISTA,municipal
2610806,PE,PEDRA,municipal
2610905,PE,PESQUEIRA,municipal
2611002,PE,PETROLANDIA,municipal
2611101,PE,PETROLINA,municipal
2611200,PE,POCAO,municipal
2611309,PE,POMBOS,municipal
2611408,PE,PRIMAVERA,municipal
2611507,PE,QUIPAPA,municipal
2611533,PE,QUIXABA,municipal
2611606,PE,RECIFE,municipal
2611705,PE,RIACHO DAS ALMAS,municipal
2611804,PE,RIBEIRAO,municipal
2611903,PE,RIO FORMOSO,municipal
2612000,PE,SAIRE,municipal
2612109,PE,SALGADINHO,municipal
2612208,PE,SALGUEIRO,municipal
2612307,PE,SALOA,municipal
2612406,PE,SANHARO,municipal
2612455,PE,SANTA CRUZ,municipal
2612471,PE,SANTA CRUZ DA BAIXA VERDE,municipal
2612505,PE,SANTA CRUZ DO CAPIBARIBE,municipal
2612554,PE,SANTA FILOMENA,municipal
2612604,PE,SANTA MARIA DA BOA VISTA,municipal
2612703,PE,SANTA MARIA DO CAMBUCA,municipal
2612802,PE,SANTA TEREZINHA,municipal
2612901,PE,SAO BENEDITO DO SUL,municipal
2613008,PE,SAO BENTO DO UNA,municipal
2613107,PE,SAO CAITANO,municipal
2613206,PE,SAO JOAO,municipal
2613305,PE,SAO JOAQUIM DO MONTE,municipal
2613404,PE,SAO JOSE DA COROA GRANDE,municipal
2613503,PE,SAO JOSE DO BELMONTE,municipal
2613602,PE,SAO JOSE DO EGITO,municipal
2613701,PE,SAO LOURENCO DA MATA,municipal
2613800,PE,SAO VICENTE FERRER,municipal
2613909,PE,SERRA TALHADA,municipal
2614006,PE,SERRITA,municipal
2614105,PE,SERTANIA,municipal
2614204,PE,SIRINHAEM,municipal
2614303,PE,MOREILANDIA,municipal
2614402,PE,SOLIDAO,municipal
2614501,PE,SURUBIM,municipal
2614600,PE,TABIRA,municipal
2614709,PE,TACAIMBO,municipal
2614808,PE,TACARATU,municipal
2614857,PE,TAMANDARE,municipal
2615003,PE,TAQUARITINGA DO NORTE,municipal
2615102,PE,TEREZINHA,municipal
2615201,PE,TERRA NOVA,municipal
2615300,PE,TIMBAUBA,municipal
2615409,PE,TORITAMA,municipal
2615508,PE,TRACUNHAEM,municipal
2615607,PE,TRINDADE,municipal
2615706,PE,TRIUNFO,municipal
2615805,PE,TUPANATINGA,municipal
2615904,PE,TUPARETAMA,municipal
2616001,PE,VENTUROSA,municipal
2616100,PE,VERDEJANTE,municipal
2616183,PE,VERTENTE DO LERIO,municipal
2616209,PE,VERTENTES,municipal
2616308,PE,VICENCIA,municipal
2616407,PE,VITORIA DE SANTO ANTAO,municipal
2616506,PE,XEXEU,municipal
2700102,AL,AGUA BRANCA,municipal
2700201,AL,ANADIA,municipal
2700300,AL,ARAPIRACA,municipal
2700409,AL,ATALAIA,municipal
2700508,AL,BARRA DE SANTO ANTONIO,municipal
2700607,AL,BARRA DE SAO MIGUEL,municipal
2700706,AL,BATALHA,municipal
2700805,AL,BELEM,municipal
2700904,AL,BELO MONTE,municipal
2701001,AL,BOCA DA MATA,municipal
2701100,AL,BRANQUINHA,municipal
2701209,AL,CACIMBINHAS,municipal
2701308,AL,CAJUEIRO,municipal
2701357,AL,CAMPESTRE,municipal
2701407,AL,CAMPO ALEGRE,municipal
2701506,AL,CAMPO GRANDE,municipal
2701605,AL,CANAPI,municipal
2701704,AL,CAPELA,municipal
2701803,AL,CARNEIROS,municipal
2701902,AL,CHA PRETA,municipal
2702009,AL,COITE DO NOIA,municipal
2702108,AL,COLONIA LEOPOLDINA,municipal
2702207,AL,COQUEIRO SECO,municipal
2702306,AL,CORURIPE,municipal
2702355,AL,CRAIBAS,municipal
2702405,AL,DELMIRO GOUVEIA,municipal
2702504,AL,DOIS RIACHOS,municipal
2702553,AL,ESTRELA DE ALAGOAS,municipal
2702603,AL,FEIRA GRANDE,municipal
2702702,AL,FELIZ DESERTO,municipal
2702801,AL,FLEXEIRAS,municipal
2702900,AL,GIRAU DO PONCIANO,municipal
2703007,AL,IBATEGUARA,municipal
2703106,AL,IGACI,municipal
2703205,AL,IGREJA NOVA,municipal
2703304,AL,INHAPI,municipal
2703403,AL,JACARE DOS HOMENS,municipal
2703502,AL,JACUIPE,municipal
2703601,AL,JAPARATINGA,municipal
2703700,AL,JARAMATAIA,municipal
2703759,AL,JEQUIA DA PRAIA,municipal
2703809,AL,JOAQUIM GOMES,municipal
2703908,AL,JUNDIA,municipal
2704005,AL,JUNQUEIRO,municipal
2704104,AL,LAGOA DA CANOA,municipal
2704203,AL,LIMOEIRO DE ANADIA,municipal
2704302,AL,MACEIO,municipal
2704401,AL,MAJOR ISIDORO,municipal
2704500,AL,MARAGOGI,municipal
2704609,AL,MARAVILHA,municipal
2704708,AL,MARECHAL DEODORO,municipal
2704807,AL,MARIBONDO,municipal
2704906,AL,MAR VERMELHO,municipal
2705002,AL,MATA GRANDE,municipal
2705101,AL,MATRIZ DE CAMARAGIBE,municipal
2705200,AL,MESSIAS,municipal
2705309,AL,MINADOR DO NEGRAO,municipal
2705408,AL,MONTEIROPOLIS,municipal
2705507,AL,MURICI,municipal
2705606,AL,NOVO LINO,municipal
2705705,AL,OLHO DAGUA DAS FLORES,municipal
2705804,AL,OLHO DAGUA DO CASADO,municipal
2705903,AL,OLHO DAGUA GRANDE,municipal
2706000,AL,OLIVENCA,municipal
2706109,AL,OURO BRANCO,municipal
2706208,AL,PALESTINA,municipal
2706307,AL,PALMEIRA DOS INDIOS,municipal
2706406,AL,PAO DE ACUCAR,municipal
2706422,AL,PARICONHA,municipal
2706448,AL,PARIPUEIRA,municipal
2706505,AL,PASSO DE CAMARAGIBE,municipal
2706604,AL,PAULO JACINTO,municipal
2706703,AL,PENEDO,municipal
2706802,AL,PIACABUCU,municipal
2706901,AL,PILAR,municipal
2707008,AL,PINDOBA,municipal
2707107,AL,PIRANHAS,municipal
2707206,AL,POCO DAS TRINCHEIRAS,municipal
2707305,AL,PORTO CALVO,municipal
2707404,AL,PORTO DE PEDRAS,municipal
2707503,AL,PORTO REAL DO COLEGIO,municipal
2707602,AL,QUEBRANGULO,municipal
2707701,AL,RIO LARGO,municipal
2707800,AL,ROTEIRO,municipal
2707909,AL,SANTA LUZIA DO NORTE,municipal
2708006,AL,SANTANA DO IPANEMA,municipal
2708105,AL,SANTANA DO MUNDAU,municipal
2708204,AL,SAO BRAS,municipal
2708303,AL,SAO JOSE DA LAJE,municipal
2708402,AL,SAO JOSE DA TAPERA,municipal
2708501,AL,SAO LUIS DO QUITUNDE,municipal
2708600,AL,SAO MIGUEL DOS CAMPOS,municipal
2708709,AL,SAO MIGUEL DOS MILAGRES,municipal
2708808,AL,SAO SEBASTIAO,municipal
2708907,AL,SATUBA,municipal
2708956,AL,SENADOR RUI PALMEIRA,municipal
2709004,AL,TANQUE DARCA,municipal
2709103,AL,TAQUARANA,municipal
2709152,AL,TEOTONIO VILELA,municipal
2709202,AL,TRAIPU,municipal
2709301,AL,UNIAO DOS PALMARES,municipal
2709400,AL,VICOSA,municipal
2800100,SE,AMPARO DE SAO FRANCISCO,municipal
2800209,SE,AQUIDABA,municipal
2800308,SE,ARACAJU,municipal
2800407,SE,ARAUA,municipal
2800506,SE,AREIA BRANCA,municipal
2800605,SE,BARRA DOS COQUEIROS,municipal
2800670,SE,BOQUIM,municipal
2800704,SE,BREJO GRANDE,municipal
2801009,SE,CAMPO DO BRITO,municipal
2801108,SE,CANHOBA,municipal
2801207,SE,CANINDE DE SAO FRANCISCO,municipal
2801306,SE,CAPELA,municipal
2801405,SE,CARIRA,municipal
2801504,SE,CARMOPOLIS,municipal
2801603,SE,CEDRO DE SAO JOAO,municipal
2801702,SE,CRISTINAPOLIS,municipal
2801900,SE,CUMBE,municipal
2802007,SE,DIVINA PASTORA,municipal
2802106,SE,ESTANCIA,municipal
2802205,SE,FEIRA NOVA,municipal
2802304,SE,FREI PAULO,municipal
2802403,SE,GARARU,municipal
2802502,SE,GENERAL MAYNARD,municipal
2802601,SE,GRACHO CARDOSO,municipal
2802700,SE,ILHA DAS FLORES,municipal
2802809,SE,INDIAROBA,municipal
2802908,SE,ITABAIANA,municipal
2803005,SE,ITABAIANINHA,municipal
2803104,SE,ITABI,municipal
2803203,SE,ITAPORANGA DAJUDA,municipal
2803302,SE,JAPARATUBA,municipal
2803401,SE,JAPOATA,municipal
2803500,SE,LAGARTO,municipal
2803609,SE,LARANJEIRAS,municipal
2803708,SE,MACAMBIRA,municipal
2803807,SE,MALHADA DOS BOIS,municipal
2803906,SE,MALHADOR,municipal
2804003,SE,MARUIM,municipal
2804102,SE,MOITA BONITA,municipal
2804201,SE,MONTE ALEGRE DE SERGIPE,municipal
2804300,SE,MURIBECA,municipal
2804409,SE,NEOPOLIS,municipal
2804458,SE,NOSSA SENHORA APARECIDA,municipal
2804508,SE,NOSSA SENHORA DA GLORIA,municipal
2804607,SE,NOSSA SENHORA DAS DORES,municipal
2804706,SE,NOSSA SENHORA DE LOURDES,municipal
2804805,SE,NOSSA SENHORA DO SOCORRO,municipal
2804904,SE,PACATUBA,municipal
2805000,SE,PEDRA MOLE,municipal
2805109,SE,PEDRINHAS,municipal
2805208,SE,PINHAO,municipal
2805307,SE,PIRAMBU,municipal
2805406,SE,POCO REDONDO,municipal
2805505,SE,POCO VERDE,municipal
2805604,SE,PORTO DA FOLHA,municipal
2805703,SE,PROPRIA,municipal
2805802,SE,RIACHAO DO DANTAS,municipal
2805901,SE,RIACHUELO,municipal
2806008,SE,RIBEIROPOLIS,municipal
2806107,SE,ROSARIO DO CATETE,municipal
2806206,SE,SALGADO,municipal
2806305,SE,SANTA LUZIA DO ITANHY,municipal
2806404,SE,SANTANA DO SAO FRANCISCO,municipal
2806503,SE,SANTA ROSA DE LIMA,municipal
2806602,SE,SANTO AMARO DAS BROTAS,municipal
2806701,SE,SAO CRISTOVAO,municipal
2806800,SE,SAO DOMINGOS,municipal
2806909,SE,SAO FRANCISCO,municipal
2807006,SE,SAO MIGUEL DO ALEIXO,municipal
2807105,SE,SIMAO DIAS,municipal
2807204,SE,SIRIRI,municipal
2807303,SE,TELHA,municipal
2807402,SE,TOBIAS BARRETO,municipal
2807501,SE,TOMAR DO GERU,municipal
2807600,SE,UMBAUBA,municipal
2900108,BA,ABAIRA,municipal
2900207,BA,ABARE,municipal
2900306,BA,ACAJUTIBA,municipal
2900355,BA,ADUSTINA,municipal
2900405,BA,AGUA FRIA,municipal
2900504,BA,ERICO CARDOSO,municipal
2900603,BA,AIQUARA,municipal
2900702,BA,ALAGOINHAS,municipal
2900801,BA,ALCOBACA,municipal
2900900,BA,ALMADINA,municipal
2901007,BA,AMARGOSA,municipal
2901106,BA,AMELIA RODRIGUES,municipal
2901155,BA,AMERICA DOURADA,municipal
2901205,BA,ANAGE,municipal
2901304,BA,ANDARAI,municipal
2901353,BA,ANDORINHA,municipal
2901403,BA,ANGICAL,municipal
2901502,BA,ANGUERA,municipal
2901601,BA,ANTAS,municipal
2901700,BA,ANTONIO CARDOSO,municipal
2901809,BA,ANTONIO GONCALVES,municipal
2901908,BA,APORA,municipal
2901957,BA,APUAREMA,municipal
2902005,BA,ARACATU,municipal
2902054,BA,ARACAS,municipal
2902104,BA,ARACI,municipal
2902203,BA,ARAMARI,municipal
2902252,BA,ARATACA,municipal
2902302,BA,ARATUIPE,municipal
2902401,BA,AURELINO LEAL,municipal
2902500,BA,BAIANOPOLIS,municipal
2902609,BA,BAIXA GRANDE,municipal
2902658,BA,BANZAE,municipal
2902708,BA,BARRA,municipal
2902807,BA,BARRA DA ESTIVA,municipal
2902906,BA,BARRA DO CHOCA,municipal
2903003,BA,BARRA DO MENDES,municipal
2903102,BA,BARRA DO ROCHA,municipal
2903201,BA,BARREIRAS,municipal
2903235,BA,BARRO ALTO,municipal
2903276,BA,BARROCAS,municipal
2903300,BA,BARRO PRETO,municipal
2903409,BA,BELMONTE,municipal
2903508,BA,BELO CAMPO,municipal
2903607,BA,BIRITINGA,municipal
2903706,BA,BOA NOVA,municipal
2903805,BA,BOA VISTA DO TUPIM,municipal
2903904,BA,BOM JESUS DA LAPA,municipal
2903953,BA,BOM JESUS DA SERRA,municipal
2904001,BA,BONINAL,municipal
2904050,BA,BONITO,municipal
2904100,BA,BOQUIRA,municipal
2904209,BA,BOTUPORA,municipal
2904308,BA,BREJOES,municipal
2904407,BA,BREJOLANDIA,municipal
2904506,BA,BROTAS DE MACAUBAS,municipal
2904605,BA,BRUMADO,municipal
2904704,BA,BUERAREMA,municipal
2904753,BA,BURITIRAMA,municipal
2904803,BA,CAATIBA,municipal
2904852,BA,CABACEIRAS DO PARAGUACU,municipal
2904902,BA,CACHOEIRA,municipal
2905008,BA,CACULE,municipal
2905107,BA,CAEM,municipal
2905156,BA,CAETANOS,municipal
2905206,BA,CAETITE,municipal
2905305,BA,CAFARNAUM,municipal
2905404,BA,CAIRU,municipal
2905503,BA,CALDEIRAO GRANDE,municipal
2905602,BA,CAMACAN,municipal
2905701,BA,CAMACARI,municipal
2905800,BA,CAMAMU,municipal
2905909,BA,CAMPO ALEGRE DE LOURDES,municipal
2906006,BA,CAMPO FORMOSO,municipal
2906105,BA,CANAPOLIS,municipal
2906204,BA,CANARANA,municipal
2906303,BA,CANAVIEIRAS,municipal
2906402,BA,CANDEAL,municipal
2906501,BA,CANDEIAS,municipal
2906600,BA,CANDIBA,municipal
2906709,BA,CANDIDO SALES,municipal
2906808,BA,CANSANCAO,municipal
2906824,BA,CANUDOS,municipal
2906857,BA,CAPELA DO ALTO ALEGRE,municipal
2906873,BA,CAPIM GROSSO,municipal
2906899,BA,CARAIBAS,municipal
2906907,BA,CARAVELAS,municipal
2907004,BA,CARDEAL DA SILVA,municipal
2907103,BA,CARINHANHA,municipal
2907202,BA,CASA NOVA,municipal
2907301,BA,CASTRO ALVES,municipal
2907400,BA,CATOLANDIA,municipal
2907509,BA,CATU,municipal
2907558,BA,CATURAMA,municipal
2907608,BA,CENTRAL,municipal
2907707,BA,CHORROCHO,municipal
2907806,BA,CICERO DANTAS,municipal
2907905,BA,CIPO,municipal
2908002,BA,COARACI,municipal
2908101,BA,COCOS,municipal
2908200,BA,CONCEICAO DA FEIRA,municipal
2908309,BA,CONCEICAO DO ALMEIDA,municipal
2908408,BA,CONCEICAO DO COITE,municipal
2908507,BA,CONCEICAO DO JACUIPE,municipal
2908606,BA,CONDE,municipal
2908705,BA,CONDEUBA,municipal
2908804,BA,CONTENDAS DO SINCORA,municipal
2908903,BA,CORACAO DE MARIA,municipal
2909000,BA,CORDEIROS,municipal
2909109,BA,CORIBE,municipal
2909208,BA,CORONEL JOAO SA,municipal
2909307,BA,CORRENTINA,municipal
2909406,BA,COTEGIPE,municipal
2909505,BA,CRAVOLANDIA,municipal
2909604,BA,CRISOPOLIS,municipal
2909703,BA,CRISTOPOLIS,municipal
2909802,BA,CRUZ DAS ALMAS,municipal
2909901,BA,CURACA,municipal
2910008,BA,DARIO MEIRA,municipal
2910057,BA,DIAS DAVILA,municipal
2910107,BA,DOM BASILIO,municipal
2910206,BA,DOM MACEDO COSTA,municipal
2910305,BA,ELISIO MEDRADO,municipal
2910404,BA,ENCRUZILHADA,municipal
2910503,BA,ENTRE RIOS,municipal
2910602,BA,ESPLANADA,municipal
2910701,BA,EUCLIDES DA CUNHA,municipal
2910727,BA,EUNAPOLIS,municipal
2910750,BA,FATIMA,municipal
2910776,BA,FEIRA DA MATA,municipal
2910800,BA,FEIRA DE SANTANA,municipal
2910859,BA,FILADELFIA,municipal
2910909,BA,FIRMINO ALVES,municipal
2911006,BA,FLORESTA AZUL,municipal
2911105,BA,FORMOSA DO RIO PRETO,municipal
2911204,BA,GANDU,municipal
2911253,BA,GAVIAO,municipal
2911303,BA,GENTIO DO OURO,municipal
2911402,BA,GLORIA,municipal
2911501,BA,GONGOGI,municipal
2911600,BA,GOVERNADOR MANGABEIRA,municipal
2911659,BA,GUAJERU,municipal
2911709,BA,GUANAMBI,municipal
2911808,BA,GUARATINGA,municipal
2911857,BA,HELIOPOLIS,municipal
2911907,BA,IACU,municipal
2912004,BA,IBIASSUCE,municipal
2912103,BA,IBICARAI,municipal
2912202,BA,IBICOARA,municipal
2912301,BA,IBICUI,municipal
2912400,BA,IBIPEBA,municipal
2912509,BA,IBIPITANGA,municipal
2912608,BA,IBIQUERA,municipal
2912707,BA,IBIRAPITANGA,municipal
2912806,BA,IBIRAPUA,municipal
2912905,BA,IBIRATAIA,municipal
2913002,BA,IBITIARA,municipal
2913101,BA,IBITITA,municipal
2913200,BA,IBOTIRAMA,municipal
2913309,BA,ICHU,municipal
2913408,BA,IGAPORA,municipal
2913457,BA,IGRAPIUNA,municipal
2913507,BA,IGUAI,municipal
2913606,BA,ILHEUS,municipal
2913705,BA,INHAMBUPE,municipal
2913804,BA,IPECAETA,municipal
2913903,BA,IPIAU,municipal
2914000,BA,IPIRA,municipal
2914109,BA,IPUPIARA,municipal
2914208,BA,IRAJUBA,municipal
2914307,BA,IRAMAIA,municipal
2914406,BA,IRAQUARA,municipal
2914505,BA,IRARA,municipal
2914604,BA,IRECE,municipal
2914653,BA,ITABELA,municipal
2914703,BA,ITABERABA,municipal
2914802,BA,ITABUNA,municipal
2914901,BA,ITACARE,municipal
2915007,BA,ITAETE,municipal
2915106,BA,ITAGI,municipal
2915205,BA,ITAGIBA,municipal
2915304,BA,ITAGIMIRIM,municipal
2915353,BA,ITAGUACU DA BAHIA,municipal
2915403,BA,ITAJU DO COLONIA,municipal
2915502,BA,ITAJUIPE,municipal
2915601,BA,ITAMARAJU,municipal
2915700,BA,ITAMARI,municipal
2915809,BA,ITAMBE,municipal
2915908,BA,ITANAGRA,municipal
2916005,BA,ITANHEM,municipal
2916104,BA,ITAPARICA,municipal
2916203,BA,ITAPE,municipal
2916302,BA,ITAPEBI,municipal
2916401,BA,ITAPETINGA,municipal
2916500,BA,ITAPICURU,municipal
2916609,BA,ITAPITANGA,municipal
2916708,BA,ITAQUARA,municipal
2916807,BA,ITARANTIM,municipal
2916856,BA,ITATIM,municipal
2916906,BA,ITIRUCU,municipal
2917003,BA,ITIUBA,municipal
2917102,BA,ITORORO,municipal
2917201,BA,ITUACU,municipal
2917300,BA,ITUBERA,municipal
2917334,BA,IUIU,municipal
2917359,BA,JABORANDI,municipal
2917409,BA,JACARACI,municipal
2917508,BA,JACOBINA,municipal
2917607,BA,JAGUAQUARA,municipal
2917706,BA,JAGUARARI,municipal
2917805,BA,JAGUARIPE,municipal
2917904,BA,JANDAIRA,municipal
2918001,BA,JEQUIE,municipal
2918100,BA,JEREMOABO,municipal
2918209,BA,JIQUIRICA,municipal
2918308,BA,JITAUNA,municipal
2918357,BA,JOAO DOURADO,municipal
2918407,BA,JUAZEIRO,municipal
2918456,BA,JUCURUCU,municipal
2918506,BA,JUSSARA,municipal
2918555,BA,JUSSARI,municipal
2918605,BA,JUSSIAPE,municipal
2918704,BA,LAFAIETE COUTINHO,municipal
2918753,BA,LAGOA REAL,municipal
2918803,BA,LAJE,municipal
2918902,BA,LAJEDAO,municipal
2919009,BA,LAJEDINHO,municipal
2919058,BA,LAJEDO DO TABOCAL,municipal
2919108,BA,LAMARAO,municipal
2919157,BA,LAPAO,municipal
2919207,BA,LAURO DE FREITAS,municipal
2919306,BA,LENCOIS,municipal
2919405,BA,LICINIO DE ALMEIDA,municipal
2919504,BA,LIVRAMENTO DE NOSSA SENHORA,municipal
2919553,BA,LUIS EDUARDO MAGALHAES,municipal
2919603,BA,MACAJUBA,municipal
2919702,BA,MACARANI,municipal
2919801,BA,MACAUBAS,municipal
2919900,BA,MACURURE,municipal
2919926,BA,MADRE DE DEUS,municipal
2919959,BA,MAETINGA,municipal
2920007,BA,MAIQUINIQUE,municipal
2920106,BA,MAIRI,municipal
2920205,BA,MALHADA,municipal
2920304,BA,MALHADA DE PEDRAS,municipal
2920403,BA,MANOEL VITORINO,municipal
2920452,BA,MANSIDAO,municipal
2920502,BA,MARACAS,municipal
2920601,BA,MARAGOGIPE,municipal
2920700,BA,MARAU,municipal
2920809,BA,MARCIONILIO SOUZA,municipal
2920908,BA,MASCOTE,municipal
2921005,BA,MATA DE SAO JOAO,municipal
2921054,BA,MATINA,municipal
2921104,BA,MEDEIROS NETO,municipal
2921203,BA,MIGUEL CALMON,municipal
2921302,BA,MILAGRES,municipal
2921401,BA,MIRANGABA,municipal
2921450,BA,MIRANTE,municipal
2921500,BA,MONTE SANTO,municipal
2921609,BA,MORPARA,municipal
2921708,BA,MORRO DO CHAPEU,municipal
2921807,BA,MORTUGABA,municipal
2921906,BA,MUCUGE,municipal
2922003,BA,MUCURI,municipal
2922052,BA,MULUNGU DO MORRO,municipal
2922102,BA,MUNDO NOVO,municipal
2922201,BA,MUNIZ FERREIRA,municipal
2922250,BA,MUQUEM DE SAO FRANCISCO,municipal
2922300,BA,MURITIBA,municipal
2922409,BA,MUTUIPE,municipal
2922508,BA,NAZARE,municipal
2922607,BA,NILO PECANHA,municipal
2922656,BA,NORDESTINA,municipal
2922706,BA,NOVA CANAA,municipal
2922730,BA,NOVA FATIMA,municipal
2922755,BA,NOVA IBIA,municipal
2922805,BA,NOVA ITARANA,municipal
2922854,BA,NOVA REDENCAO,municipal
2922904,BA,NOVA SOURE,municipal
2923001,BA,NOVA VICOSA,municipal
2923035,BA,NOVO HORIZONTE,municipal
2923050,BA,NOVO TRIUNFO,municipal
2923100,BA,OLINDINA,municipal
2923209,BA,OLIVEIRA DOS BREJINHOS,municipal
2923308,BA,OURICANGAS,municipal
2923357,BA,OUROLANDIA,municipal
2923407,BA,PALMAS DE MONTE ALTO,municipal
2923506,BA,PALMEIRAS,municipal
2923605,BA,PARAMIRIM,municipal
2923704,BA,PARATINGA,municipal
2923803,BA,PARIPIRANGA,municipal
2923902,BA,PAU BRASIL,municipal
2924009,BA,PAULO AFONSO,municipal
2924058,BA,PE DE SERRA,municipal
2924108,BA,PEDRAO,municipal
2924207,BA,PEDRO ALEXANDRE,municipal
2924306,BA,PIATA,municipal
2924405,BA,PILAO ARCADO,municipal
2924504,BA,PINDAI,municipal
2924603,BA,PINDOBACU,municipal
2924652,BA,PINTADAS,municipal
2924678,BA,PIRAI DO NORTE,municipal
2924702,BA,PIRIPA,municipal
2924801,BA,PIRITIBA,municipal
2924900,BA,PLANALTINO,municipal
2925006,BA,PLANALTO,municipal
2925105,BA,POCOES,municipal
2925204,BA,POJUCA,municipal
2925253,BA,PONTO NOVO,municipal
2925303,BA,PORTO SEGURO,municipal
2925402,BA,POTIRAGUA,municipal
2925501,BA,PRADO,municipal
2925600,BA,PRESIDENTE DUTRA,municipal
2925709,BA,PRESIDENTE JANIO QUADROS,municipal
2925758,BA,PRESIDENTE TANCREDO NEVES,municipal
2925808,BA,QUEIMADAS,municipal
2925907,BA,QUIJINGUE,municipal
2925931,BA,QUIXABEIRA,municipal
2925956,BA,RAFAEL JAMBEIRO,municipal
2926004,BA,REMANSO,municipal
2926103,BA,RETIROLANDIA,municipal
2926202,BA,RIACHAO DAS NEVES,municipal
2926301,BA,RIACHAO DO JACUIPE,municipal
2926400,BA,RIACHO DE SANTANA,municipal
2926509,BA,RIBEIRA DO AMPARO,municipal
2926608,BA,RIBEIRA DO POMBAL,municipal
2926657,BA,RIBEIRAO DO LARGO,municipal
2926707,BA,RIO DE CONTAS,municipal
2926806,BA,RIO DO ANTONIO,municipal
2926905,BA,RIO DO PIRES,municipal
2927002,BA,RIO REAL,municipal
2927101,BA,RODELAS,municipal
2927200,BA,RUY BARBOSA,municipal
2927309,BA,SALINAS DA MARGARIDA,municipal
2927408,BA,SALVADOR,municipal
2927507,BA,SANTA BARBARA,municipal
2927606,BA,SANTA BRIGIDA,municipal
2927705,BA,SANTA CRUZ CABRALIA,municipal
2927804,BA,SANTA CRUZ DA VITORIA,municipal
2927903,BA,SANTA INES,municipal
2928000,BA,SANTALUZ,municipal
2928059,BA,SANTA LUZIA,municipal
2928109,BA,SANTA MARIA DA VITORIA,municipal
2928208,BA,SANTANA,municipal
2928307,BA,SANTANOPOLIS,municipal
2928406,BA,SANTA RITA DE CASSIA,municipal
2928505,BA,SANTA TERESINHA,municipal
2928604,BA,SANTO AMARO,municipal
2928703,BA,SANTO ANTONIO DE JESUS,municipal
2928802,BA,SANTO ESTEVAO,municipal
2928901,BA,SAO DESIDERIO,municipal
2928950,BA,SAO DOMINGOS,municipal
2929008,BA,SAO FELIX,municipal
2929057,BA,SAO FELIX DO CORIBE,municipal
2929107,BA,SAO FELIPE,municipal
2929206,BA,SAO FRANCISCO DO CONDE,municipal
2929255,BA,SAO GABRIEL,municipal
2929305,BA,SAO GONCALO DOS CAMPOS,municipal
2929354,BA,SAO JOSE DA VITORIA,municipal
2929370,BA,SAO JOSE DO JACUIPE,municipal
2929404,BA,SAO MIGUEL DAS MATAS,municipal
2929503,BA,SAO SEBASTIAO DO PASSE,municipal
2929602,BA,SAPEACU,municipal
2929701,BA,SATIRO DIAS,municipal
2929750,BA,SAUBARA,municipal
2929800,BA,SAUDE,municipal
2929909,BA,SEABRA,municipal
2930006,BA,SEBASTIAO LARANJEIRAS,municipal
2930105,BA,SENHOR DO BONFIM,municipal
2930154,BA,SERRA DO RAMALHO,municipal
2930204,BA,SENTO SE,municipal
2930303,BA,SERRA DOURADA,municipal
2930402,BA,SERRA PRETA,municipal
2930501,BA,SERRINHA,municipal
2930600,BA,SERROLANDIA,municipal
2930709,BA,SIMOES FILHO,municipal
2930758,BA,SITIO DO MATO,municipal
2930766,BA,SITIO DO QUINTO,municipal
2930774,BA,SOBRADINHO,municipal
2930808,BA,SOUTO SOARES,municipal
2930907,BA,TABOCAS DO BREJO VELHO,municipal
2931004,BA,TANHACU,municipal
2931053,BA,TANQUE NOVO,municipal
2931103,BA,TANQUINHO,municipal
2931202,BA,TAPEROA,municipal
2931301,BA,TAPIRAMUTA,municipal
2931350,BA,TEIXEIRA DE FREITAS,municipal
2931400,BA,TEODORO SAMPAIO,municipal
2931509,BA,TEOFILANDIA,municipal
2931608,BA,TEOLANDIA,municipal
2931707,BA,TERRA NOVA,municipal
2931806,BA,TREMEDAL,municipal
2931905,BA,TUCANO,municipal
2932002,BA,UAUA,municipal
2932101,BA,UBAIRA,municipal
2932200,BA,UBAITABA,municipal
2932309,BA,UBATA,municipal
2932408,BA,UIBAI,municipal
2932457,BA,UMBURANAS,municipal
2932507,BA,UNA,municipal
2932606,BA,URANDI,municipal
2932705,BA,URUCUCA,municipal
2932804,BA,UTINGA,municipal
2932903,BA,VALENCA,municipal
2933000,BA,VALENTE,municipal
2933059,BA,VARZEA DA ROCA,municipal
2933109,BA,VARZEA DO POCO,municipal
2933158,BA,VARZEA NOVA,municipal
2933174,BA,VARZEDO,municipal
2933208,BA,VERA CRUZ,municipal
2933257,BA,VEREDA,municipal
2933307,BA,VITORIA DA CONQUISTA,municipal
2933406,BA,WAGNER,municipal
2933455,BA,WANDERLEY,municipal
2933505,BA,WENCESLAU GUIMARAES,municipal
2933604,BA,XIQUE-XIQUE,municipal
3100104,MG,ABADIA DOS DOURADOS,municipal
3100203,MG,ABAETE,municipal
3100302,MG,ABRE CAMPO,municipal
3100401,MG,ACAIACA,municipal
3100500,MG,ACUCENA,municipal
3100609,MG,AGUA BOA,municipal
3100708,MG,AGUA COMPRIDA,municipal
3100807,MG,AGUANIL,municipal
3100906,MG,AGUAS FORMOSAS,municipal
3101003,MG,AGUAS VERMELHAS,municipal
3101102,MG,AIMORES,municipal
3101201,MG,AIURUOCA,municipal
3101300,MG,ALAGOA,municipal
3101409,MG,ALBERTINA,municipal
3101508,MG,ALEM PARAIBA,municipal
3101607,MG,ALFENAS,municipal
3101631,MG,ALFREDO VASCONCELOS,municipal
3101706,MG,ALMENARA,municipal
3101805,MG,ALPERCATA,municipal
3101904,MG,ALPINOPOLIS,municipal
3102001,MG,ALTEROSA,municipal
3102050,MG,ALTO CAPARAO,municipal
3102100,MG,ALTO RIO DOCE,municipal
3102209,MG,ALVARENGA,municipal
3102308,MG,ALVINOPOLIS,municipal
3102407,MG,ALVORADA DE MINAS,municipal
3102506,MG,AMPARO DO SERRA,municipal
3102605,MG,ANDRADAS,municipal
3102704,MG,CACHOEIRA DE PAJEU,municipal
3102803,MG,ANDRELANDIA,municipal
3102852,MG,ANGELANDIA,municipal
3102902,MG,ANTONIO CARLOS,municipal
3103009,MG,ANTONIO DIAS,municipal
3103108,MG,ANTONIO PRADO DE MINAS,municipal
3103207,MG,ARACAI,municipal
3103306,MG,ARACITABA,municipal
3103405,MG,ARACUAI,municipal
3103504,MG,ARAGUARI,municipal
3103603,MG,ARANTINA,municipal
3103702,MG,ARAPONGA,municipal
3103751,MG,ARAPORA,municipal
3103801,MG,ARAPUA,municipal
3103900,MG,ARAUJOS,municipal
3104007,MG,ARAXA,municipal
3104106,MG,ARCEBURGO,municipal
3104205,MG,ARCOS,municipal
3104304,MG,AREADO,municipal
3104403,MG,ARGIRITA,municipal
3104452,MG,ARICANDUVA,municipal
3104502,MG,ARINOS,municipal
3104601,MG,ASTOLFO DUTRA,municipal
3104700,MG,ATALEIA,municipal
3104809,MG,AUGUSTO DE LIMA,municipal
3104908,MG,BAEPENDI,municipal
3105004,MG,BALDIM,municipal
3105103,MG,BAMBUI,municipal
3105202,MG,BANDEIRA,municipal
3105301,MG,BANDEIRA DO SUL,municipal
3105400,MG,BARAO DE COCAIS,municipal
3105509,MG,BARAO DE MONTE ALTO,municipal
3105608,MG,BARBACENA,municipal
3105707,MG,BARRA LONGA,municipal
3105905,MG,BARROSO,municipal
3106002,MG,BELA VISTA DE MINAS,municipal
3106101,MG,BELMIRO BRAGA,municipal
3106200,MG,BELO HORIZONTE,municipal
3106309,MG,BELO ORIENTE,municipal
3106408,MG,BELO VALE,municipal
3106507,MG,BERILO,municipal
3106606,MG,BERTOPOLIS,municipal
3106655,MG,BERIZAL,municipal
3106705,MG,BETIM,municipal
3106804,MG,BIAS FORTES,municipal
3106903,MG,BICAS,municipal
3107000,MG,BIQUINHAS,municipal
3107109,MG,BOA ESPERANCA,municipal
3107208,MG,BOCAINA DE MINAS,municipal
3107307,MG,BOCAIUVA,municipal
3107406,MG,BOM DESPACHO,municipal
3107505,MG,BOM JARDIM DE MINAS,municipal
3107604,MG,BOM JESUS DA PENHA,municipal
3107703,MG,BOM JESUS DO AMPARO,municipal
3107802,MG,BOM JESUS DO GALHO,municipal
3107901,MG,BOM REPOUSO,municipal
3108008,MG,BOM SUCESSO,municipal
3108107,MG,BONFIM,municipal
3108206,MG,BONFINOPOLIS DE MINAS,municipal
3108255,MG,BONITO DE MINAS,municipal
3108305,MG,BORDA DA MATA,municipal
3108404,MG,BOTELHOS,municipal
3108503,MG,BOTUMIRIM,municipal
3108552,MG,BRASILANDIA DE MINAS,municipal
3108602,MG,BRASILIA DE MINAS,municipal
3108701,MG,BRAS PIRES,municipal
3108800,MG,BRAUNAS,municipal
3108909,MG,BRAZOPOLIS,municipal
3109006,MG,BRUMADINHO,municipal
3109105,MG,BUENO BRANDAO,municipal
3109204,MG,BUENOPOLIS,municipal
3109253,MG,BUGRE,municipal
3109303,MG,BURITIS,municipal
3109402,MG,BURITIZEIRO,municipal
3109451,MG,CABECEIRA GRANDE,municipal
3109501,MG,CABO VERDE,municipal
3109600,MG,CACHOEIRA DA PRATA,municipal
3109709,MG,CACHOEIRA DE MINAS,municipal
3109808,MG,CACHOEIRA DOURADA,municipal
3109907,MG,CAETANOPOLIS,municipal
3110004,MG,CAETE,municipal
3110103,MG,CAIANA,municipal
3110202,MG,CAJURI,municipal
3110301,MG,CALDAS,municipal
3110400,MG,CAMACHO,municipal
3110509,MG,CAMANDUCAIA,municipal
3110608,MG,CAMBUI,municipal
3110707,MG,CAMBUQUIRA,municipal
3110806,MG,CAMPANARIO,municipal
3110905,MG,CAMPANHA,municipal
3111002,MG,CAMPESTRE,municipal
3111101,MG,CAMPINA VERDE,municipal
3111150,MG,CAMPO AZUL,municipal
3111200,MG,CAMPO BELO,municipal
3111309,MG,CAMPO DO MEIO,municipal
3111408,MG,CAMPO FLORIDO,municipal
3111507,MG,CAMPOS ALTOS,municipal
3111606,MG,CAMPOS GERAIS,municipal
3111705,MG,CANAA,municipal
3111804,MG,CANAPOLIS,municipal
3111903,MG,CANA VERDE,municipal
3112000,MG,CANDEIAS,municipal
3112059,MG,CANTAGALO,municipal
3112109,MG,CAPARAO,municipal
3112208,MG,CAPELA NOVA,municipal
3112307,MG,CAPELINHA,municipal
3112406,MG,CAPETINGA,municipal
3112505,MG,CAPIM BRANCO,municipal
3112604,MG,CAPINOPOLIS,municipal
3112653,MG,CAPITAO ANDRADE,municipal
3112703,MG,CAPITAO ENEAS,municipal
3112802,MG,CAPITOLIO,municipal
3112901,MG,CAPUTIRA,municipal
3113008,MG,CARAI,municipal
3113107,MG,CARANAIBA,municipal
3113206,MG,CARANDAI,municipal
3113305,MG,CARANGOLA,municipal
3113404,MG,CARATINGA,municipal
3113503,MG,CARBONITA,municipal
3113602,MG,CAREACU,municipal
3113701,MG,CARLOS CHAGAS,municipal
3113800,MG,CARMESIA,municipal
3113909,MG,CARMO DA CACHOEIRA,municipal
3114006,MG,CARMO DA MATA,municipal
3114105,MG,CARMO DE MINAS,municipal
3114204,MG,CARMO DO CAJURU,municipal
3114303,MG,CARMO DO PARANAIBA,municipal
3114402,MG,CARMO DO RIO CLARO,municipal
3114501,MG,CARMOPOLIS DE MINAS,municipal
3114550,MG,CARNEIRINHO,municipal
3114600,MG,CARRANCAS,municipal
3114709,MG,CARVALHOPOLIS,municipal
3114808,MG,CARVALHOS,municipal
3114907,MG,CASA GRANDE,municipal
3115003,MG,CASCALHO RICO,municipal
3115102,MG,CASSIA,municipal
3115201,MG,CONCEICAO DA BARRA DE MINAS,municipal
3115300,MG,CATAGUASES,municipal
3115359,MG,CATAS ALTAS,municipal
3115409,MG,CATAS ALTAS DA NORUEGA,municipal
3115458,MG,CATUJI,municipal
3115474,MG,CATUTI,municipal
3115508,MG,CAXAMBU,municipal
3115607,MG,CEDRO DO ABAETE,municipal
3115706,MG,CENTRAL DE MINAS,municipal
3115805,MG,CENTRALINA,municipal
3115904,MG,CHACARA,municipal
3116001,MG,CHALE,municipal
3116100,MG,CHAPADA DO NORTE,municipal
3116159,MG,CHAPADA GAUCHA,municipal
3116209,MG,CHIADOR,municipal
3116308,MG,CIPOTANEA,municipal
3116407,MG,CLARAVAL,municipal
3116506,MG,CLARO DOS POCOES,municipal
3116605,MG,CLAUDIO,municipal
3116704,MG,COIMBRA,municipal
3116803,MG,COLUNA,municipal
3116902,MG,COMENDADOR GOMES,municipal
3117009,MG,COMERCINHO,municipal
3117108,MG,CONCEICAO DA APARECIDA,municipal
3117207,MG,CONCEICAO DAS PEDRAS,municipal
3117306,MG,CONCEICAO DAS ALAGOAS,municipal
3117405,MG,CONCEICAO DE IPANEMA,municipal
3117504,MG,CONCEICAO DO MATO DENTRO,municipal
3117603,MG,CONCEICAO DO PARA,municipal
3117702,MG,CONCEICAO DO RIO VERDE,municipal
3117801,MG,CONCEICAO DOS OUROS,municipal
3117836,MG,CONEGO MARINHO,municipal
3117876,MG,CONFINS,municipal
3117900,MG,CONGONHAL,municipal
3118007,MG,CONGONHAS,municipal
3118106,MG,CONGONHAS DO NORTE,municipal
3118205,MG,CONQUISTA,municipal
3118304,MG,CONSELHEIRO LAFAIETE,municipal
3118403,MG,CONSELHEIRO PENA,municipal
3118502,MG,CONSOLACAO,municipal
3118601,MG,CONTAGEM,municipal
3118700,MG,COQUEIRAL,municipal
3118809,MG,CORACAO DE JESUS,municipal
3118908,MG,CORDISBURGO,municipal
3119005,MG,CORDISLANDIA,municipal
3119104,MG,CORINTO,municipal
3119203,MG,COROACI,municipal
3119302,MG,COROMANDEL,municipal
3119401,MG,CORONEL FABRICIANO,municipal
3119500,MG,CORONEL MURTA,municipal
3119609,MG,CORONEL PACHECO,municipal
3119708,MG,CORONEL XAVIER CHAVES,municipal
3119807,MG,CORREGO DANTA,municipal
3119906,MG,CORREGO DO BOM JESUS,municipal
3119955,MG,CORREGO FUNDO,municipal
3120003,MG,CORREGO NOVO,municipal
3120102,MG,COUTO DE MAGALHAES DE MINAS,municipal
3120151,MG,CRISOLITA,municipal
3120201,MG,CRISTAIS,municipal
3120300,MG,CRISTALIA,municipal
3120409,MG,CRISTIANO OTONI,municipal
3120508,MG,CRISTINA,municipal
3120607,MG,CRUCILANDIA,municipal
3120706,MG,CRUZEIRO DA FORTALEZA,municipal
3120805,MG,CRUZILIA,municipal
3120839,MG,CUPARAQUE,municipal
3120870,MG,CURRAL DE DENTRO,municipal
3120904,MG,CURVELO,municipal
3121001,MG,DATAS,municipal
3121100,MG,DELFIM MOREIRA,municipal
3121209,MG,DELFINOPOLIS,municipal
3121258,MG,DELTA,municipal
3121308,MG,DESCOBERTO,municipal
3121407,MG,DESTERRO DE ENTRE RIOS,municipal
3121506,MG,DESTERRO DO MELO,municipal
3121605,MG,DIAMANTINA,municipal
3121704,MG,DIOGO DE VASCONCELOS,municipal
3121803,MG,DIONISIO,municipal
3121902,MG,DIVINESIA,municipal
3122009,MG,DIVINO,municipal
3122108,MG,DIVINO DAS LARANJEIRAS,municipal
3122207,MG,DIVINOLANDIA DE MINAS,municipal
3122306,MG,DIVINOPOLIS,municipal
3122355,MG,DIVISA ALEGRE,municipal
3122405,MG,DIVISA NOVA,municipal
3122454,MG,DIVISOPOLIS,municipal
3122470,MG,DOM BOSCO,municipal
3122504,MG,DOM CAVATI,municipal
3122603,MG,DOM JOAQUIM,municipal
3122702,MG,DOM SILVERIO,municipal
3122801,MG,DOM VICOSO,municipal
3122900,MG,DONA EUZEBIA,municipal
3123007,MG,DORES DE CAMPOS,municipal
3123106,MG,DORES DE GUANHAES,municipal
3123205,MG,DORES DO INDAIA,municipal
3123304,MG,DORES DO TURVO,municipal
3123403,MG,DORESOPOLIS,municipal
3123502,MG,DOURADOQUARA,municipal
3123528,MG,DURANDE,municipal
3123601,MG,ELOI MENDES,municipal
3123700,MG,ENGENHEIRO CALDAS,municipal
3123809,MG,ENGENHEIRO NAVARRO,municipal
3123858,MG,ENTRE FOLHAS,municipal
3123908,MG,ENTRE RIOS DE MINAS,municipal
3124005,MG,ERVALIA,municipal
3124104,MG,ESMERALDAS,municipal
3124203,MG,ESPERA FELIZ,municipal
3124302,MG,ESPINOSA,municipal
3124401,MG,ESPIRITO SANTO DO DOURADO,municipal
3124500,MG,ESTIVA,municipal
3124609,MG,ESTRELA DALVA,municipal
3124708,MG,ESTRELA DO INDAIA,municipal
3124807,MG,ESTRELA DO SUL,municipal
3124906,MG,EUGENOPOLIS,municipal
3125002,MG,EWBANK DA CAMARA,municipal
3125101,MG,EXTREMA,municipal
3125200,MG,FAMA,municipal
3125309,MG,FARIA LEMOS,municipal
3125408,MG,FELICIO DOS SANTOS,municipal
3125507,MG,SAO GONCALO DO RIO PRETO,municipal
3125606,MG,FELISBURGO,municipal
3125705,MG,FELIXLANDIA,municipal
3125804,MG,FERNANDES TOURINHO,municipal
3125903,MG,FERROS,municipal
3125952,MG,FERVEDOURO,municipal
3126000,MG,FLORESTAL,municipal
3126109,MG,FORMIGA,municipal
3126208,MG,FORMOSO,municipal
3126307,MG,FORTALEZA DE MINAS,municipal
3126406,MG,FORTUNA DE MINAS,municipal
3126505,MG,FRANCISCO BADARO,municipal
3126604,MG,FRANCISCO DUMONT,municipal
3126703,MG,FRANCISCO SA,municipal
3126752,MG,FRANCISCOPOLIS,municipal
3126802,MG,FREI GASPAR,municipal
3126901,MG,FREI INOCENCIO,municipal
3126950,MG,FREI LAGONEGRO,municipal
3127008,MG,FRONTEIRA,municipal
3127057,MG,FRONTEIRA DOS VALES,municipal
3127073,MG,FRUTA DE LEITE,municipal
3127107,MG,FRUTAL,municipal
3127206,MG,FUNILANDIA,municipal
3127305,MG,GALILEIA,municipal
3127339,MG,GAMELEIRAS,municipal
3127354,MG,GLAUCILANDIA,municipal
3127370,MG,GOIABEIRA,municipal
3127388,MG,GOIANA,municipal
3127404,MG,GONCALVES,municipal
3127503,MG,GONZAGA,municipal
3127602,MG,GOUVEIA,municipal
3127701,MG,GOVERNADOR VALADARES,municipal
3127800,MG,GRAO MOGOL,municipal
3127909,MG,GRUPIARA,municipal
3128006,MG,GUANHAES,municipal
3128105,MG,GUAPE,municipal
3128204,MG,GUARACIABA,municipal
3128253,MG,GUARACIAMA,municipal
3128303,MG,GUARANESIA,municipal
3128402,MG,GUARANI,municipal
3128501,MG,GUARARA,municipal
3128600,MG,GUARDA-MOR,municipal
3128709,MG,GUAXUPE,municipal
3128808,MG,GUIDOVAL,municipal
3128907,MG,GUIMARANIA,municipal
3129004,MG,GUIRICEMA,municipal
3129103,MG,GURINHATA,municipal
3129202,MG,HELIODORA,municipal
3129301,MG,IAPU,municipal
3129400,MG,IBERTIOGA,municipal
3129509,MG,IBIA,municipal
3129608,MG,IBIAI,municipal
3129657,MG,IBIRACATU,municipal
3129707,MG,IBIRACI,municipal
3129806,MG,IBIRITE,municipal
3129905,MG,IBITIURA DE MINAS,municipal
3130002,MG,IBITURUNA,municipal
3130051,MG,ICARAI DE MINAS,municipal
3130101,MG,IGARAPE,municipal
3130200,MG,IGARATINGA,municipal
3130309,MG,IGUATAMA,municipal
3130408,MG,IJACI,municipal
3130507,MG,ILICINEA,municipal
3130556,MG,IMBE DE MINAS,municipal
3130606,MG,INCONFIDENTES,municipal
3130655,MG,INDAIABIRA,municipal
3130705,MG,INDIANOPOLIS,municipal
3130804,MG,INGAI,municipal
3130903,MG,INHAPIM,municipal
3131000,MG,INHAUMA,municipal
3131109,MG,INIMUTABA,municipal
3131158,MG,IPABA,municipal
3131208,MG,IPANEMA,municipal
3131307,MG,IPATINGA,municipal
3131406,MG,IPIACU,municipal
3131505,MG,IPUIUNA,municipal
3131604,MG,IRAI DE MINAS,municipal
3131703,MG,ITABIRA,municipal
3131802,MG,ITABIRINHA,municipal
3131901,MG,ITABIRITO,municipal
3132008,MG,ITACAMBIRA,municipal
3132107,MG,ITACARAMBI,municipal
3132206,MG,ITAGUARA,municipal
3132305,MG,ITAIPE,municipal
3132404,MG,ITAJUBA,municipal
3132503,MG,ITAMARANDIBA,municipal
3132602,MG,ITAMARATI DE MINAS,municipal
3132701,MG,ITAMBACURI,municipal
3132800,MG,ITAMBE DO MATO DENTRO,municipal
3132909,MG,ITAMOGI,municipal
3133006,MG,ITAMONTE,municipal
3133105,MG,ITANHANDU,municipal
3133204,MG,ITANHOMI,municipal
3133303,MG,ITAOBIM,municipal
3133402,MG,ITAPAGIPE,municipal
3133501,MG,ITAPECERICA,municipal
3133600,MG,ITAPEVA,municipal
3133709,MG,ITATIAIUCU,municipal
3133758,MG,ITAU DE MINAS,municipal
3133808,MG,ITAUNA,municipal
3133907,MG,ITAVERAVA,municipal
3134004,MG,ITINGA,municipal
3134103,MG,ITUETA,municipal
3134202,MG,ITUIUTABA,municipal
3134301,MG,ITUMIRIM,municipal
3134400,MG,ITURAMA,municipal
3134509,MG,ITUTINGA,municipal
3134608,MG,JABOTICATUBAS,municipal
3134707,MG,JACINTO,municipal
3134806,MG,JACUI,municipal
3134905,MG,JACUTINGA,municipal
3135001,MG,JAGUARACU,municipal
3135050,MG,JAIBA,municipal
3135076,MG,JAMPRUCA,municipal
3135100,MG,JANAUBA,municipal
3135209,MG,JANUARIA,municipal
3135308,MG,JAPARAIBA,municipal
3135357,MG,JAPONVAR,municipal
3135407,MG,JECEABA,municipal
3135456,MG,JENIPAPO DE MINAS,municipal
3135506,MG,JEQUERI,municipal
3135605,MG,JEQUITAI,municipal
3135704,MG,JEQUITIBA,municipal
3135803,MG,JEQUITINHONHA,municipal
3135902,MG,JESUANIA,municipal
3136009,MG,JOAIMA,municipal
3136108,MG,JOANESIA,municipal
3136207,MG,JOAO MONLEVADE,municipal
3136306,MG,JOAO PINHEIRO,municipal
3136405,MG,JOAQUIM FELICIO,municipal
3136504,MG,JORDANIA,municipal
3136520,MG,JOSE GONCALVES DE MINAS,municipal
3136553,MG,JOSE RAYDAN,municipal
3136579,MG,JOSENOPOLIS,municipal
3136603,MG,NOVA UNIAO,municipal
3136652,MG,JUATUBA,municipal
3136702,MG,JUIZ DE FORA,municipal
3136801,MG,JURAMENTO,municipal
3136900,MG,JURUAIA,municipal
3136959,MG,JUVENILIA,municipal
3137007,MG,LADAINHA,municipal
3137106,MG,LAGAMAR,municipal
3137205,MG,LAGOA DA PRATA,municipal
3137304,MG,LAGOA DOS PATOS,municipal
3137403,MG,LAGOA DOURADA,municipal
3137502,MG,LAGOA FORMOSA,municipal
3137536,MG,LAGOA GRANDE,municipal
3137601,MG,LAGOA SANTA,municipal
3137700,MG,LAJINHA,municipal
3137809,MG,LAMBARI,municipal
3137908,MG,LAMIM,municipal
3138005,MG,LARANJAL,municipal
3138104,MG,LASSANCE,municipal
3138203,MG,LAVRAS,municipal
3138302,MG,LEANDRO FERREIRA,municipal
3138351,MG,LEME DO PRADO,municipal
3138401,MG,LEOPOLDINA,municipal
3138500,MG,LIBERDADE,municipal
3138609,MG,LIMA DUARTE,municipal
3138625,MG,LIMEIRA DO OESTE,municipal
3138658,MG,LONTRA,municipal
3138674,MG,LUISBURGO,municipal
3138682,MG,LUISLANDIA,municipal
3138708,MG,LUMINARIAS,municipal
3138807,MG,LUZ,municipal
3138906,MG,MACHACALIS,municipal
3139003,MG,MACHADO,municipal
3139102,MG,MADRE DE DEUS DE MINAS,municipal
3139201,MG,MALACACHETA,municipal
3139250,MG,MAMONAS,municipal
3139300,MG,MANGA,municipal
3139409,MG,MANHUACU,municipal
3139508,MG,MANHUMIRIM,municipal
3139607,MG,MANTENA,municipal
3139706,MG,MARAVILHAS,municipal
3139805,MG,MAR DE ESPANHA,municipal
3139904,MG,MARIA DA FE,municipal
3140001,MG,MARIANA,municipal
3140100,MG,MARILAC,municipal
3140159,MG,MARIO CAMPOS,municipal
3140209,MG,MARIPA DE MINAS,municipal
3140308,MG,MARLIERIA,municipal
3140407,MG,MARMELOPOLIS,municipal
3140506,MG,MARTINHO CAMPOS,municipal
3140530,MG,MARTINS SOARES,municipal
3140555,MG,MATA VERDE,municipal
3140605,MG,MATERLANDIA,municipal
3140704,MG,MATEUS LEME,municipal
3140803,MG,MATIAS BARBOSA,municipal
3140852,MG,MATIAS CARDOSO,municipal
3140902,MG,MATIPO,municipal
3141009,MG,MATO VERDE,municipal
3141108,MG,MATOZINHOS,municipal
3141207,MG,MATUTINA,municipal
3141306,MG,MEDEIROS,municipal
3141405,MG,MEDINA,municipal
3141504,MG,MENDES PIMENTEL,municipal
3141603,MG,MERCES,municipal
3141702,MG,MESQUITA,municipal
3141801,MG,MINAS NOVAS,municipal
3141900,MG,MINDURI,municipal
3142007,MG,MIRABELA,municipal
3142106,MG,MIRADOURO,municipal
3142205,MG,MIRAI,municipal
3142254,MG,MIRAVANIA,municipal
3142304,MG,MOEDA,municipal
3142403,MG,MOEMA,municipal
3142502,MG,MONJOLOS,municipal
3142601,MG,MONSENHOR PAULO,municipal
3142700,MG,MONTALVANIA,municipal
3142809,MG,MONTE ALEGRE DE MINAS,municipal
3142908,MG,MONTE AZUL,municipal
3143005,MG,MONTE BELO,municipal
3143104,MG,MONTE CARMELO,municipal
3143153,MG,MONTE FORMOSO,municipal
3143203,MG,MONTE SANTO DE MINAS,municipal
3143302,MG,MONTES CLAROS,municipal
3143401,MG,MONTE SIAO,municipal
3143450,MG,MONTEZUMA,municipal
3143500,MG,MORADA NOVA DE MINAS,municipal
3143609,MG,MORRO DA GARCA,municipal
3143708,MG,MORRO DO PILAR,municipal
3143807,MG,MUNHOZ,municipal
3143906,MG,MURIAE,municipal
3144003,MG,MUTUM,municipal
3144102,MG,MUZAMBINHO,municipal
3144201,MG,NACIP RAYDAN,municipal
3144300,MG,NANUQUE,municipal
3144359,MG,NAQUE,municipal
3144375,MG,NATALANDIA,municipal
3144409,MG,NATERCIA,municipal
3144508,MG,NAZARENO,municipal
3144607,MG,NEPOMUCENO,municipal
3144656,MG,NINHEIRA,municipal
3144672,MG,NOVA BELEM,municipal
3144706,MG,NOVA ERA,municipal
3144805,MG,NOVA LIMA,municipal
3144904,MG,NOVA MODICA,municipal
3145000,MG,NOVA PONTE,municipal
3145059,MG,NOVA PORTEIRINHA,municipal
3145109,MG,NOVA RESENDE,municipal
3145208,MG,NOVA SERRANA,municipal
3145307,MG,NOVO CRUZEIRO,municipal
3145356,MG,NOVO ORIENTE DE MINAS,municipal
3145372,MG,NOVORIZONTE,municipal
3145406,MG,OLARIA,municipal
3145455,MG,OLHOS-DAGUA,municipal
3145505,MG,OLIMPIO NORONHA,municipal
3145604,MG,OLIVEIRA,municipal
3145703,MG,OLIVEIRA FORTES,municipal
3145802,MG,ONCA DE PITANGUI,municipal
3145851,MG,ORATORIOS,municipal
3145877,MG,ORIZANIA,municipal
3145901,MG,OURO BRANCO,municipal
3146008,MG,OURO FINO,municipal
3146107,MG,OURO PRETO,municipal
3146206,MG,OURO VERDE DE MINAS,municipal
3146255,MG,PADRE CARVALHO,municipal
3146305,MG,PADRE PARAISO,municipal
3146404,MG,PAINEIRAS,municipal
3146503,MG,PAINS,municipal
3146552,MG,PAI PEDRO,municipal
3146602,MG,PAIVA,municipal
3146701,MG,PALMA,municipal
3146750,MG,PALMOPOLIS,municipal
3146909,MG,PAPAGAIOS,municipal
3147006,MG,PARACATU,municipal
3147105,MG,PARA DE MINAS,municipal
3147204,MG,PARAGUACU,municipal
3147303,MG,PARAISOPOLIS,municipal
3147402,MG,PARAOPEBA,municipal
3147501,MG,PASSABEM,municipal
3147600,MG,PASSA QUATRO,municipal
3147709,MG,PASSA TEMPO,municipal
3147808,MG,PASSA VINTE,municipal
3147907,MG,PASSOS,municipal
3147956,MG,PATIS,municipal
3148004,MG,PATOS DE MINAS,municipal
3148103,MG,PATROCINIO,municipal
3148202,MG,PATROCINIO DO MURIAE,municipal
3148301,MG,PAULA CANDIDO,municipal
3148400,MG,PAULISTAS,municipal
3148509,MG,PAVAO,municipal
3148608,MG,PECANHA,municipal
3148707,MG,PEDRA AZUL,municipal
3148756,MG,PEDRA BONITA,municipal
3148806,MG,PEDRA DO ANTA,municipal
3148905,MG,PEDRA DO INDAIA,municipal
3149002,MG,PEDRA DOURADA,municipal
3149101,MG,PEDRALVA,municipal
3149150,MG,PEDRAS DE MARIA DA CRUZ,municipal
3149200,MG,PEDRINOPOLIS,municipal
3149309,MG,PEDRO LEOPOLDO,municipal
3149408,MG,PEDRO TEIXEIRA,municipal
3149507,MG,PEQUERI,municipal
3149606,MG,PEQUI,municipal
3149705,MG,PERDIGAO,municipal
3149804,MG,PERDIZES,municipal
3149903,MG,PERDOES,municipal
3149952,MG,PERIQUITO,municipal
3150000,MG,PESCADOR,municipal
3150109,MG,PIAU,municipal
3150158,MG,PIEDADE DE CARATINGA,municipal
3150208,MG,PIEDADE DE PONTE NOVA,municipal
3150307,MG,PIEDADE DO RIO GRANDE,municipal
3150406,MG,PIEDADE DOS GERAIS,municipal
3150505,MG,PIMENTA,municipal
3150539,MG,PINGO DAGUA,municipal
3150570,MG,PINTOPOLIS,municipal
3150604,MG,PIRACEMA,municipal
3150703,MG,PIRAJUBA,municipal
3150802,MG,PIRANGA,municipal
3150901,MG,PIRANGUCU,municipal
3151008,MG,PIRANGUINHO,municipal
3151107,MG,PIRAPETINGA,municipal
3151206,MG,PIRAPORA,municipal
3151305,MG,PIRAUBA,municipal
3151404,MG,PITANGUI,municipal
3151503,MG,PIUMHI,municipal
3151602,MG,PLANURA,municipal
3151701,MG,POCO FUNDO,municipal
3151800,MG,POCOS DE CALDAS,municipal
3151909,MG,POCRANE,municipal
3152006,MG,POMPEU,municipal
3152105,MG,PONTE NOVA,municipal
3152131,MG,PONTO CHIQUE,municipal
3152170,MG,PONTO DOS VOLANTES,municipal
3152204,MG,PORTEIRINHA,municipal
3152303,MG,PORTO FIRME,municipal
3152402,MG,POTE,municipal
3152501,MG,POUSO ALEGRE,municipal
3152600,MG,POUSO ALTO,municipal
3152709,MG,PRADOS,municipal
3152808,MG,PRATA,municipal
3152907,MG,PRATAPOLIS,municipal
3153004,MG,PRATINHA,municipal
3153103,MG,PRESIDENTE BERNARDES,municipal
3153202,MG,PRESIDENTE JUSCELINO,municipal
3153301,MG,PRESIDENTE KUBITSCHEK,municipal
3153400,MG,PRESIDENTE OLEGARIO,municipal
3153509,MG,ALTO JEQUITIBA,municipal
3153608,MG,PRUDENTE DE MORAIS,municipal
3153707,MG,QUARTEL GERAL,municipal
3153806,MG,QUELUZITO,municipal
3153905,MG,RAPOSOS,municipal
3154002,MG,RAUL SOARES,municipal
3154101,MG,RECREIO,municipal
3154150,MG,REDUTO,municipal
3154200,MG,RESENDE COSTA,municipal
3154309,MG,RESPLENDOR,municipal
3154408,MG,RESSAQUINHA,municipal
3154457,MG,RIACHINHO,municipal
3154507,MG,RIACHO DOS MACHADOS,municipal
3154606,MG,RIBEIRAO DAS NEVES,municipal
3154705,MG,RIBEIRAO VERMELHO,municipal
3154804,MG,RIO ACIMA,municipal
3154903,MG,RIO CASCA,municipal
3155009,MG,RIO DOCE,municipal
3155108,MG,RIO DO PRADO,municipal
3155207,MG,RIO ESPERA,municipal
3155306,MG,RIO MANSO,municipal
3155405,MG,RIO NOVO,municipal
3155504,MG,RIO PARANAIBA,municipal
3155603,MG,RIO PARDO DE MINAS,municipal
3155702,MG,RIO PIRACICABA,municipal
3155801,MG,RIO POMBA,municipal
3155900,MG,RIO PRETO,municipal
3156007,MG,RIO VERMELHO,municipal
3156106,MG,RITAPOLIS,municipal
3156205,MG,ROCHEDO DE MINAS,municipal
3156304,MG,RODEIRO,municipal
3156403,MG,ROMARIA,municipal
3156452,MG,ROSARIO DA LIMEIRA,municipal
3156502,MG,RUBELITA,municipal
3156601,MG,RUBIM,municipal
3156700,MG,SABARA,municipal
3156809,MG,SABINOPOLIS,municipal
3156908,MG,SACRAMENTO,municipal
3157005,MG,SALINAS,municipal
3157104,MG,SALTO DA DIVISA,municipal
3157203,MG,SANTA BARBARA,municipal
3157252,MG,SANTA BARBARA DO LESTE,municipal
3157278,MG,SANTA BARBARA DO MONTE VERDE,municipal
3157302,MG,SANTA BARBARA DO TUGURIO,municipal
3157336,MG,SANTA CRUZ DE MINAS,municipal
3157377,MG,SANTA CRUZ DE SALINAS,municipal
3157401,MG,SANTA CRUZ DO ESCALVADO,municipal
3157500,MG,SANTA EFIGENIA DE MINAS,municipal
3157609,MG,SANTA FE DE MINAS,municipal
3157658,MG,SANTA HELENA DE MINAS,municipal
3157708,MG,SANTA JULIANA,municipal
3157807,MG,SANTA LUZIA,municipal
3157906,MG,SANTA MARGARIDA,municipal
3158003,MG,SANTA MARIA DE ITABIRA,municipal
3158102,MG,SANTA MARIA DO SALTO,municipal
3158201,MG,SANTA MARIA DO SUACUI,municipal
3158300,MG,SANTANA DA VARGEM,municipal
3158409,MG,SANTANA DE CATAGUASES,municipal
3158508,MG,SANTANA DE PIRAPAMA,municipal
3158607,MG,SANTANA DO DESERTO,municipal
3158706,MG,SANTANA DO GARAMBEU,municipal
3158805,MG,SANTANA DO JACARE,municipal
3158904,MG,SANTANA DO MANHUACU,municipal
3158953,MG,SANTANA DO PARAISO,municipal
3159001,MG,SANTANA DO RIACHO,municipal
3159100,MG,SANTANA DOS MONTES,municipal
3159209,MG,SANTA RITA DE CALDAS,municipal
3159308,MG,SANTA RITA DE JACUTINGA,municipal
3159357,MG,SANTA RITA DE MINAS,municipal
3159407,MG,SANTA RITA DE IBITIPOCA,municipal
3159506,MG,SANTA RITA DO ITUETO,municipal
3159605,MG,SANTA RITA DO SAPUCAI,municipal
3159704,MG,SANTA ROSA DA SERRA,municipal
3159803,MG,SANTA VITORIA,municipal
3159902,MG,SANTO ANTONIO DO AMPARO,municipal
3160009,MG,SANTO ANTONIO DO AVENTUREIRO,municipal
3160108,MG,SANTO ANTONIO DO GRAMA,municipal
3160207,MG,SANTO ANTONIO DO ITAMBE,municipal
3160306,MG,SANTO ANTONIO DO JACINTO,municipal
3160405,MG,SANTO ANTONIO DO MONTE,municipal
3160454,MG,SANTO ANTONIO DO RETIRO,municipal
3160504,MG,SANTO ANTONIO DO RIO ABAIXO,municipal
3160603,MG,SANTO HIPOLITO,municipal
3160702,MG,SANTOS DUMONT,municipal
3160801,MG,SAO BENTO ABADE,municipal
3160900,MG,SAO BRAS DO SUACUI,municipal
3160959,MG,SAO DOMINGOS DAS DORES,municipal
3161007,MG,SAO DOMINGOS DO PRATA,municipal
3161056,MG,SAO FELIX DE MINAS,municipal
3161106,MG,SAO FRANCISCO,municipal
3161205,MG,SAO FRANCISCO DE PAULA,municipal
3161304,MG,SAO FRANCISCO DE SALES,municipal
3161403,MG,SAO FRANCISCO DO GLORIA,municipal
3161502,MG,SAO GERALDO,municipal
3161601,MG,SAO GERALDO DA PIEDADE,municipal
3161650,MG,SAO GERALDO DO BAIXIO,municipal
3161700,MG,SAO GONCALO DO ABAETE,municipal
3161809,MG,SAO GONCALO DO PARA,municipal
3161908,MG,SAO GONCALO DO RIO ABAIXO,municipal
3162005,MG,SAO GONCALO DO SAPUCAI,municipal
3162104,MG,SAO GOTARDO,municipal
3162203,MG,SAO JOAO BATISTA DO GLORIA,municipal
3162252,MG,SAO JOAO DA LAGOA,municipal
3162302,MG,SAO JOAO DA MATA,municipal
3162401,MG,SAO JOAO DA PONTE,municipal
3162450,MG,SAO JOAO DAS MISSOES,municipal
3162500,MG,SAO JOAO DEL REI,municipal
3162559,MG,SAO JOAO DO MANHUACU,municipal
3162575,MG,SAO JOAO DO MANTENINHA,municipal
3162609,MG,SAO JOAO DO ORIENTE,municipal
3162658,MG,SAO JOAO DO PACUI,municipal
3162708,MG,SAO JOAO DO PARAISO,municipal
3162807,MG,SAO JOAO EVANGELISTA,municipal
3162906,MG,SAO JOAO NEPOMUCENO,municipal
3162922,MG,SAO JOAQUIM DE BICAS,municipal
3162948,MG,SAO JOSE DA BARRA,municipal
3162955,MG,SAO JOSE DA LAPA,municipal
3163003,MG,SAO JOSE DA SAFIRA,municipal
3163102,MG,SAO JOSE DA VARGINHA,municipal
3163201,MG,SAO JOSE DO ALEGRE,municipal
3163300,MG,SAO JOSE DO DIVINO,municipal
3163409,MG,SAO JOSE DO GOIABAL,municipal
3163508,MG,SAO JOSE DO JACURI,municipal
3163607,MG,SAO JOSE DO MANTIMENTO,municipal
3163706,MG,SAO LOURENCO,municipal
3163805,MG,SAO MIGUEL DO ANTA,municipal
3163904,MG,SAO PEDRO DA UNIAO,municipal
3164001,MG,SAO PEDRO DOS FERROS,municipal
3164100,MG,SAO PEDRO DO SUACUI,municipal
3164209,MG,SAO ROMAO,municipal
3164308,MG,SAO ROQUE DE MINAS,municipal
3164407,MG,SAO SEBASTIAO DA BELA VISTA,municipal
3164431,MG,SAO SEBASTIAO DA VARGEM ALEGRE,municipal
3164472,MG,SAO SEBASTIAO DO ANTA,municipal
3164506,MG,SAO SEBASTIAO DO MARANHAO,municipal
3164605,MG,SAO SEBASTIAO DO OESTE,municipal
3164704,MG,SAO SEBASTIAO DO PARAISO,municipal
3164803,MG,SAO SEBASTIAO DO RIO PRETO,municipal
3164902,MG,SAO SEBASTIAO DO RIO VERDE,municipal
3165008,MG,SAO TIAGO,municipal
3165107,MG,SAO TOMAS DE AQUINO,municipal
3165206,MG,SAO THOME DAS LETRAS,municipal
3165305,MG,SAO VICENTE DE MINAS,municipal
3165404,MG,SAPUCAI-MIRIM,municipal
3165503,MG,SARDOA,municipal
3165537,MG,SARZEDO,municipal
3165552,MG,SETUBINHA,municipal
3165560,MG,SEM-PEIXE,municipal
3165578,MG,SENADOR AMARAL,municipal
3165602,MG,SENADOR CORTES,municipal
3165701,MG,SENADOR FIRMINO,municipal
3165800,MG,SENADOR JOSE BENTO,municipal
3165909,MG,SENADOR MODESTINO GONCALVES,municipal
3166006,MG,SENHORA DE OLIVEIRA,municipal
3166105,MG,SENHORA DO PORTO,municipal
3166204,MG,SENHORA DOS REMEDIOS,municipal
3166303,MG,SERICITA,municipal
3166402,MG,SERITINGA,municipal
3166501,MG,SERRA AZUL DE MINAS,municipal
3166600,MG,SERRA DA SAUDADE,municipal
3166709,MG,SERRA DOS AIMORES,municipal
3166808,MG,SERRA DO SALITRE,municipal
3166907,MG,SERRANIA,municipal
3166956,MG,SERRANOPOLIS DE MINAS,municipal
3167004,MG,SERRANOS,municipal
3167103,MG,SERRO,municipal
3167202,MG,SETE LAGOAS,municipal
3167301,MG,SILVEIRANIA,municipal
3167400,MG,SILVIANOPOLIS,municipal
3167509,MG,SIMAO PEREIRA,municipal
3167608,MG,SIMONESIA,municipal
3167707,MG,SOBRALIA,municipal
3167806,MG,SOLEDADE DE MINAS,municipal
3167905,MG,TABULEIRO,municipal
3168002,MG,TAIOBEIRAS,municipal
3168051,MG,TAPARUBA,municipal
3168101,MG,TAPIRA,municipal
3168200,MG,TAPIRAI,municipal
3168309,MG,TAQUARACU DE MINAS,municipal
3168408,MG,TARUMIRIM,municipal
3168507,MG,TEIXEIRAS,municipal
3168606,MG,TEOFILO OTONI,municipal
3168705,MG,TIMOTEO,municipal
3168804,MG,TIRADENTES,municipal
3168903,MG,TIROS,municipal
3169000,MG,TOCANTINS,municipal
3169059,MG,TOCOS DO MOJI,municipal
3169109,MG,TOLEDO,municipal
3169208,MG,TOMBOS,municipal
3169307,MG,TRES CORACOES,municipal
3169356,MG,TRES MARIAS,municipal
3169406,MG,TRES PONTAS,municipal
3169505,MG,TUMIRITINGA,municipal
3169604,MG,TUPACIGUARA,municipal
3169703,MG,TURMALINA,municipal
3169802,MG,TURVOLANDIA,municipal
3169901,MG,UBA,municipal
3170008,MG,UBAI,municipal
3170057,MG,UBAPORANGA,municipal
3170107,MG,UBERABA,municipal
3170206,MG,UBERLANDIA,municipal
3170305,MG,UMBURATIBA,municipal
3170404,MG,UNAI,municipal
3170438,MG,UNIAO DE MINAS,municipal
3170479,MG,URUANA DE MINAS,municipal
3170503,MG,URUCANIA,municipal
3170529,MG,URUCUIA,municipal
3170578,MG,VARGEM ALEGRE,municipal
3170602,MG,VARGEM BONITA,municipal
3170651,MG,VARGEM GRANDE DO RIO PARDO,municipal
3170701,MG,VARGINHA,municipal
3170750,MG,VARJAO DE MINAS,municipal
3170800,MG,VARZEA DA PALMA,municipal
3170909,MG,VARZELANDIA,municipal
3171006,MG,VAZANTE,municipal
3171030,MG,VERDELANDIA,municipal
3171071,MG,VEREDINHA,municipal
3171105,MG,VERISSIMO,municipal
3171154,MG,VERMELHO NOVO,municipal
3171204,MG,VESPASIANO,municipal
3171303,MG,VICOSA,municipal
3171402,MG,VIEIRAS,municipal
3171501,MG,MATHIAS LOBATO,municipal
3171600,MG,VIRGEM DA LAPA,municipal
3171709,MG,VIRGINIA,municipal
3171808,MG,VIRGINOPOLIS,municipal
3171907,MG,VIRGOLANDIA,municipal
3172004,MG,VISCONDE DO RIO BRANCO,municipal
3172103,MG,VOLTA GRANDE,municipal
3172202,MG,WENCESLAU BRAZ,municipal
3200102,ES,AFONSO CLAUDIO,municipal
3200136,ES,AGUIA BRANCA,municipal
3200169,ES,AGUA DOCE DO NORTE,municipal
3200201,ES,ALEGRE,municipal
3200300,ES,ALFREDO CHAVES,municipal
3200359,ES,ALTO RIO NOVO,municipal
3200409,ES,ANCHIETA,municipal
3200508,ES,APIACA,municipal
3200607,ES,ARACRUZ,municipal
3200706,ES,ATILIO VIVACQUA,municipal
3200805,ES,BAIXO GUANDU,municipal
3200904,ES,BARRA DE SAO FRANCISCO,municipal
3201001,ES,BOA ESPERANCA,municipal
3201100,ES,BOM JESUS DO NORTE,municipal
3201159,ES,BREJETUBA,municipal
3201209,ES,CACHOEIRO DE ITAPEMIRIM,municipal
3201308,ES,CARIACICA,municipal
3201407,ES,CASTELO,municipal
3201506,ES,COLATINA,municipal
3201605,ES,CONCEICAO DA BARRA,municipal
3201704,ES,CONCEICAO DO CASTELO,municipal
3201803,ES,DIVINO DE SAO LOURENCO,municipal
3201902,ES,DOMINGOS MARTINS,municipal
3202009,ES,DORES DO RIO PRETO,municipal
3202108,ES,ECOPORANGA,municipal
3202207,ES,FUNDAO,municipal
3202256,ES,GOVERNADOR LINDENBERG,municipal
3202306,ES,GUACUI,municipal
3202405,ES,GUARAPARI,municipal
3202454,ES,IBATIBA,municipal
3202504,ES,IBIRACU,municipal
3202553,ES,IBITIRAMA,municipal
3202603,ES,ICONHA,municipal
3202652,ES,IRUPI,municipal
3202702,ES,ITAGUACU,municipal
3202801,ES,ITAPEMIRIM,municipal
3202900,ES,ITARANA,municipal
3203007,ES,IUNA,municipal
3203056,ES,JAGUARE,municipal
3203106,ES,JERONIMO MONTEIRO,municipal
3203130,ES,JOAO NEIVA,municipal
3203163,ES,LARANJA DA TERRA,municipal
3203205,ES,LINHARES,municipal
3203304,ES,MANTENOPOLIS,municipal
3203320,ES,MARATAIZES,municipal
3203346,ES,MARECHAL FLORIANO,municipal
3203353,ES,MARILANDIA,municipal
3203403,ES,MIMOSO DO SUL,municipal
3203502,ES,MONTANHA,municipal
3203601,ES,MUCURICI,municipal
3203700,ES,MUNIZ FREIRE,municipal
3203809,ES,MUQUI,municipal
3203908,ES,NOVA VENECIA,municipal
3204005,ES,PANCAS,municipal
3204054,ES,PEDRO CANARIO,municipal
3204104,ES,PINHEIROS,municipal
3204203,ES,PIUMA,municipal
3204252,ES,PONTO BELO,municipal
3204302,ES,PRESIDENTE KENNEDY,municipal
3204351,ES,RIO BANANAL,municipal
3204401,ES,RIO NOVO DO SUL,municipal
3204500,ES,SANTA LEOPOLDINA,municipal
3204559,ES,SANTA MARIA DE JETIBA,municipal
3204609,ES,SANTA TERESA,municipal
3204658,ES,SAO DOMINGOS DO NORTE,municipal
3204708,ES,SAO GABRIEL DA PALHA,municipal
3204807,ES,SAO JOSE DO CALCADO,municipal
3204906,ES,SAO MATEUS,municipal
3204955,ES,SAO ROQUE DO CANAA,municipal
3205002,ES,SERRA,municipal
3205010,ES,SOORETAMA,municipal
3205036,ES,VARGEM ALTA,municipal
3205069,ES,VENDA NOVA DO IMIGRANTE,municipal
3205101,ES,VIANA,municipal
3205150,ES,VILA PAVAO,municipal
3205176,ES,VILA VALERIO,municipal
3205200,ES,VILA VELHA,municipal
3205309,ES,VITORIA,municipal
3300100,RJ,ANGRA DOS REIS,municipal
3300159,RJ,APERIBE,municipal
3300209,RJ,ARARUAMA,municipal
3300225,RJ,AREAL,municipal
3300233,RJ,ARMACAO DOS BUZIOS,municipal
3300258,RJ,ARRAIAL DO CABO,municipal
3300308,RJ,BARRA DO PIRAI,municipal
3300407,RJ,BARRA MANSA,municipal
3300456,RJ,BELFORD ROXO,municipal
3300506,RJ,BOM JARDIM,municipal
3300605,RJ,BOM JESUS DO ITABAPOANA,municipal
3300704,RJ,CABO FRIO,municipal
3300803,RJ,CACHOEIRAS DE MACACU,municipal
3300902,RJ,CAMBUCI,municipal
3300936,RJ,CARAPEBUS,municipal
3300951,RJ,COMENDADOR LEVY GASPARIAN,municipal
3301009,RJ,CAMPOS DOS GOYTACAZES,municipal
3301108,RJ,CANTAGALO,municipal
3301157,RJ,CARDOSO MOREIRA,municipal
3301207,RJ,CARMO,municipal
3301306,RJ,CASIMIRO DE ABREU,municipal
3301405,RJ,CONCEICAO DE MACABU,municipal
3301504,RJ,CORDEIRO,municipal
3301603,RJ,DUAS BARRAS,municipal
3301702,RJ,DUQUE DE CAXIAS,municipal
3301801,RJ,ENGENHEIRO PAULO DE FRONTIN,municipal
3301850,RJ,GUAPIMIRIM,municipal
3301876,RJ,IGUABA GRANDE,municipal
3301900,RJ,ITABORAI,municipal
3302007,RJ,ITAGUAI,municipal
3302056,RJ,ITALVA,municipal
3302106,RJ,ITAOCARA,municipal
3302205,RJ,ITAPERUNA,municipal
3302254,RJ,ITATIAIA,municipal
3302270,RJ,JAPERI,municipal
3302304,RJ,LAJE DO MURIAE,municipal
3302403,RJ,MACAE,municipal
3302452,RJ,MACUCO,municipal
3302502,RJ,MAGE,municipal
3302601,RJ,MANGARATIBA,municipal
3302700,RJ,MARICA,municipal
3302809,RJ,MENDES,municipal
3302858,RJ,MESQUITA,municipal
3302908,RJ,MIGUEL PEREIRA,municipal
3303005,RJ,MIRACEMA,municipal
3303104,RJ,NATIVIDADE,municipal
3303203,RJ,NILOPOLIS,municipal
3303302,RJ,NITEROI,municipal
3303401,RJ,NOVA FRIBURGO,municipal
3303500,RJ,NOVA IGUACU,municipal
3303609,RJ,PARACAMBI,municipal
3303708,RJ,PARAIBA DO SUL,municipal
3303807,RJ,PARATY,municipal
3303856,RJ,PATY DO ALFERES,municipal
3303906,RJ,PETROPOLIS,municipal
3303955,RJ,PINHEIRAL,municipal
3304003,RJ,PIRAI,municipal
3304102,RJ,PORCIUNCULA,municipal
3304110,RJ,PORTO REAL,municipal
3304128,RJ,QUATIS,municipal
3304144,RJ,QUEIMADOS,municipal
3304151,RJ,QUISSAMA,municipal
3304201,RJ,RESENDE,municipal
3304300,RJ,RIO BONITO,municipal
3304409,RJ,RIO CLARO,municipal
3304508,RJ,RIO DAS FLORES,municipal
3304524,RJ,RIO DAS OSTRAS,municipal
3304557,RJ,RIO DE JANEIRO,municipal
3304607,RJ,SANTA MARIA MADALENA,municipal
3304706,RJ,SANTO ANTONIO DE PADUA,municipal
3304755,RJ,SAO FRANCISCO DE ITABAPOANA,municipal
3304805,RJ,SAO FIDELIS,municipal
3304904,RJ,SAO GONCALO,municipal
3305000,RJ,SAO JOAO DA BARRA,municipal
3305109,RJ,SAO JOAO DE MERITI,municipal
3305133,RJ,SAO JOSE DE UBA,municipal
3305158,RJ,SAO JOSE DO VALE DO RIO PRETO,municipal
3305208,RJ,SAO PEDRO DA ALDEIA,municipal
3305307,RJ,SAO SEBASTIAO DO ALTO,municipal
3305406,RJ,SAPUCAIA,municipal
3305505,RJ,SAQUAREMA,municipal
3305554,RJ,SEROPEDICA,municipal
3305604,RJ,SILVA JARDIM,municipal
3305703,RJ,SUMIDOURO,municipal
3305752,RJ,TANGUA,municipal
3305802,RJ,TERESOPOLIS,municipal
3305901,RJ,TRAJANO DE MORAES,municipal
3306008,RJ,TRES RIOS,municipal
3306107,RJ,VALENCA,municipal
3306156,RJ,VARRE-SAI,municipal
3306206,RJ,VASSOURAS,municipal
3306305,RJ,VOLTA REDONDA,municipal
3500105,SP,ADAMANTINA,municipal
3500204,SP,ADOLFO,municipal
3500303,SP,AGUAI,municipal
3500402,SP,AGUAS DA PRATA,municipal
3500501,SP,AGUAS DE LINDOIA,municipal
3500550,SP,AGUAS DE SANTA BARBARA,municipal
3500600,SP,AGUAS DE SAO PEDRO,municipal
3500709,SP,AGUDOS,municipal
3500758,SP,ALAMBARI,municipal
3500808,SP,ALFREDO MARCONDES,municipal
3500907,SP,ALTAIR,municipal
3501004,SP,ALTINOPOLIS,municipal
3501103,SP,ALTO ALEGRE,municipal
3501152,SP,ALUMINIO,municipal
3501202,SP,ALVARES FLORENCE,municipal
3501301,SP,ALVARES MACHADO,municipal
3501400,SP,ALVARO DE CARVALHO,municipal
3501509,SP,ALVINLANDIA,municipal
3501608,SP,AMERICANA,municipal
3501707,SP,AMERICO BRASILIENSE,municipal
3501806,SP,AMERICO DE CAMPOS,municipal
3501905,SP,AMPARO,municipal
3502002,SP,ANALANDIA,municipal
3502101,SP,ANDRADINA,municipal
3502200,SP,ANGATUBA,municipal
3502309,SP,ANHEMBI,municipal
3502408,SP,ANHUMAS,municipal
3502507,SP,APARECIDA,municipal
3502606,SP,APARECIDA DOESTE,municipal
3502705,SP,APIAI,municipal
3502754,SP,ARACARIGUAMA,municipal
3502804,SP,ARACATUBA,municipal
3502903,SP,ARACOIABA DA SERRA,municipal
3503000,SP,ARAMINA,municipal
3503109,SP,ARANDU,municipal
3503158,SP,ARAPEI,municipal
3503208,SP,ARARAQUARA,municipal
3503307,SP,ARARAS,municipal
3503356,SP,ARCO-IRIS,municipal
3503406,SP,AREALVA,municipal
3503505,SP,AREIAS,municipal
3503604,SP,AREIOPOLIS,municipal
3503703,SP,ARIRANHA,municipal
3503802,SP,ARTUR NOGUEIRA,municipal
3503901,SP,ARUJA,municipal
3503950,SP,ASPASIA,municipal
3504008,SP,ASSIS,municipal
3504107,SP,ATIBAIA,municipal
3504206,SP,AURIFLAMA,municipal
3504305,SP,AVAI,municipal
3504404,SP,AVANHANDAVA,municipal
3504503,SP,AVARE,municipal
3504602,SP,BADY BASSITT,municipal
3504701,SP,BALBINOS,municipal
3504800,SP,BALSAMO,municipal
3504909,SP,BANANAL,municipal
3505005,SP,BARAO DE ANTONINA,municipal
3505104,SP,BARBOSA,municipal
3505203,SP,BARIRI,municipal
3505302,SP,BARRA BONITA,municipal
3505351,SP,BARRA DO CHAPEU,municipal
3505401,SP,BARRA DO TURVO,municipal
3505500,SP,BARRETOS,municipal
3505609,SP,BARRINHA,municipal
3505708,SP,BARUERI,municipal
3505807,SP,BASTOS,municipal
3505906,SP,BATATAIS,municipal
3506003,SP,BAURU,municipal
3506102,SP,BEBEDOURO,municipal
3506201,SP,BENTO DE ABREU,municipal
3506300,SP,BERNARDINO DE CAMPOS,municipal
3506359,SP,BERTIOGA,municipal
3506409,SP,BILAC,municipal
3506508,SP,BIRIGUI,municipal
3506607,SP,BIRITIBA MIRIM,municipal
3506706,SP,BOA ESPERANCA DO SUL,municipal
3506805,SP,BOCAINA,municipal
3506904,SP,BOFETE,municipal
3507001,SP,BOITUVA,municipal
3507100,SP,BOM JESUS DOS PERDOES,municipal
3507159,SP,BOM SUCESSO DE ITARARE,municipal
3507209,SP,BORA,municipal
3507308,SP,BORACEIA,municipal
3507407,SP,BORBOREMA,municipal
3507456,SP,BOREBI,municipal
3507506,SP,BOTUCATU,municipal
3507605,SP,BRAGANCA PAULISTA,municipal
3507704,SP,BRAUNA,municipal
3507753,SP,BREJO ALEGRE,municipal
3507803,SP,BRODOWSKY,municipal
3507902,SP,BROTAS,municipal
3508009,SP,BURI,municipal
3508108,SP,BURITAMA,municipal
3508207,SP,BURITIZAL,municipal
3508306,SP,CABRALIA PAULISTA,municipal
3508405,SP,CABREUVA,municipal
3508504,SP,CACAPAVA,municipal
3508603,SP,CACHOEIRA PAULISTA,municipal
3508702,SP,CACONDE,municipal
3508801,SP,CAFELANDIA,municipal
3508900,SP,CAIABU,municipal
3509007,SP,CAIEIRAS,municipal
3509106,SP,CAIUA,municipal
3509205,SP,CAJAMAR,municipal
3509254,SP,CAJATI,municipal
3509304,SP,CAJOBI,municipal
3509403,SP,CAJURU,municipal
3509452,SP,CAMPINA DO MONTE ALEGRE,municipal
3509502,SP,CAMPINAS,municipal
3509601,SP,CAMPO LIMPO PAULISTA,municipal
3509700,SP,CAMPOS DO JORDAO,municipal
3509809,SP,CAMPOS NOVOS PAULISTA,municipal
3509908,SP,CANANEIA,municipal
3509957,SP,CANAS,municipal
3510005,SP,CANDIDO MOTA,municipal
3510104,SP,CANDIDO RODRIGUES,municipal
3510153,SP,CANITAR,municipal
3510203,SP,CAPAO BONITO,municipal
3510302,SP,CAPELA DO ALTO,municipal
3510401,SP,CAPIVARI,municipal
3510500,SP,CARAGUATATUBA,municipal
3510609,SP,CARAPICUIBA,municipal
3510708,SP,CARDOSO,municipal
3510807,SP,CASA BRANCA,municipal
3510906,SP,CASSIA DOS COQUEIROS,municipal
3511003,SP,CASTILHO,municipal
3511102,SP,CATANDUVA,municipal
3511201,SP,CATIGUA,municipal
3511300,SP,CEDRAL,municipal
3511409,SP,CERQUEIRA CESAR,municipal
3511508,SP,CERQUILHO,municipal
3511607,SP,CESARIO LANGE,municipal
3511706,SP,CHARQUEADA,municipal
3511904,SP,CLEMENTINA,municipal
3512001,SP,COLINA,municipal
3512100,SP,COLOMBIA,municipal
3512209,SP,CONCHAL,municipal
3512308,SP,CONCHAS,municipal
3512407,SP,CORDEIROPOLIS,municipal
3512506,SP,COROADOS,municipal
3512605,SP,CORONEL MACEDO,municipal
3512704,SP,CORUMBATAI,municipal
3512803,SP,COSMOPOLIS,municipal
3512902,SP,COSMORAMA,municipal
3513009,SP,COTIA,municipal
3513108,SP,CRAVINHOS,municipal
3513207,SP,CRISTAIS PAULISTA,municipal
3513306,SP,CRUZALIA,municipal
3513405,SP,CRUZEIRO,municipal
3513504,SP,CUBATAO,municipal
3513603,SP,CUNHA,municipal
3513702,SP,DESCALVADO,municipal
3513801,SP,DIADEMA,municipal
3513850,SP,DIRCE REIS,municipal
3513900,SP,DIVINOLANDIA,municipal
3514007,SP,DOBRADA,municipal
3514106,SP,DOIS CORREGOS,municipal
3514205,SP,DOLCINOPOLIS,municipal
3514304,SP,DOURADO,municipal
3514403,SP,DRACENA,municipal
3514502,SP,DUARTINA,municipal
3514601,SP,DUMONT,municipal
3514700,SP,ECHAPORA,municipal
3514809,SP,ELDORADO,municipal
3514908,SP,ELIAS FAUSTO,municipal
3514924,SP,ELISIARIO,municipal
3514957,SP,EMBAUBA,municipal
3515004,SP,EMBU,municipal
3515103,SP,EMBU-GUACU,municipal
3515129,SP,EMILIANOPOLIS,municipal
3515152,SP,ENGENHEIRO COELHO,municipal
3515186,SP,ESPIRITO SANTO DO PINHAL,municipal
3515194,SP,ESPIRITO SANTO DO TURVO,municipal
3515202,SP,ESTRELA DOESTE,municipal
3515301,SP,ESTRELA DO NORTE,municipal
3515350,SP,EUCLIDES DA CUNHA PAULISTA,municipal
3515400,SP,FARTURA,municipal
3515509,SP,FERNANDOPOLIS,municipal
3515608,SP,FERNANDO PRESTES,municipal
3515657,SP,FERNAO,municipal
3515707,SP,FERRAZ DE VASCONCELOS,municipal
3515806,SP,FLORA RICA,municipal
3515905,SP,FLOREAL,municipal
3516002,SP,FLORIDA PAULISTA,municipal
3516101,SP,FLORINIA,municipal
3516200,SP,FRANCA,municipal
3516309,SP,FRANCISCO MORATO,municipal
3516408,SP,FRANCO DA ROCHA,municipal
3516507,SP,GABRIEL MONTEIRO,municipal
3516606,SP,GALIA,municipal
3516705,SP,GARCA,municipal
3516804,SP,GASTAO VIDIGAL,municipal
3516853,SP,GAVIAO PEIXOTO,municipal
3516903,SP,GENERAL SALGADO,municipal
3517000,SP,GETULINA,municipal
3517109,SP,GLICERIO,municipal
3517208,SP,GUAICARA,municipal
3517307,SP,GUAIMBE,municipal
3517406,SP,GUAIRA,municipal
3517505,SP,GUAPIACU,municipal
3517604,SP,GUAPIARA,municipal
3517703,SP,GUARA,municipal
3517802,SP,GUARACAI,municipal
3517901,SP,GUARACI,municipal
3518008,SP,GUARANI DOESTE,municipal
3518107,SP,GUARANTA,municipal
3518206,SP,GUARARAPES,municipal
3518305,SP,GUARAREMA,municipal
3518404,SP,GUARATINGUETA,municipal
3518503,SP,GUAREI,municipal
3518602,SP,GUARIBA,municipal
3518701,SP,GUARUJA,municipal
3518800,SP,GUARULHOS,municipal
3518859,SP,GUATAPARA,municipal
3518909,SP,GUZOLANDIA,municipal
3519006,SP,HERCULANDIA,municipal
3519055,SP,HOLAMBRA,municipal
3519071,SP,HORTOLANDIA,municipal
3519105,SP,IACANGA,municipal
3519204,SP,IACRI,municipal
3519253,SP,IARAS,municipal
3519303,SP,IBATE,municipal
3519402,SP,IBIRA,municipal
3519501,SP,IBIRAREMA,municipal
3519600,SP,IBITINGA,municipal
3519709,SP,IBIUNA,municipal
3519808,SP,ICEM,municipal
3519907,SP,IEPE,municipal
3520004,SP,IGARACU DO TIETE,municipal
3520103,SP,IGARAPAVA,municipal
3520202,SP,IGARATA,municipal
3520301,SP,IGUAPE,municipal
3520400,SP,ILHABELA,municipal
3520426,SP,ILHA COMPRIDA,municipal
3520442,SP,ILHA SOLTEIRA,municipal
3520509,SP,INDAIATUBA,municipal
3520608,SP,INDIANA,municipal
3520707,SP,INDIAPORA,municipal
3520806,SP,INUBIA PAULISTA,municipal
3520905,SP,IPAUSSU,municipal
3521002,SP,IPERO,municipal
3521101,SP,IPEUNA,municipal
3521150,SP,IPIGUA,municipal
3521200,SP,IPORANGA,municipal
3521309,SP,IPUA,municipal
3521408,SP,IRACEMAPOLIS,municipal
3521507,SP,IRAPUA,municipal
3521606,SP,IRAPURU,municipal
3521705,SP,ITABERA,municipal
3521804,SP,ITAI,municipal
3521903,SP,ITAJOBI,municipal
3522000,SP,ITAJU,municipal
3522109,SP,ITANHAEM,municipal
3522158,SP,ITAOCA,municipal
3522208,SP,ITAPECERICA DA SERRA,municipal
3522307,SP,ITAPETININGA,municipal
3522406,SP,ITAPEVA,municipal
3522505,SP,ITAPEVI,municipal
3522604,SP,ITAPIRA,municipal
3522653,SP,ITAPIRAPUA PAULISTA,municipal
3522703,SP,ITAPOLIS,municipal
3522802,SP,ITAPORANGA,municipal
3522901,SP,ITAPUI,municipal
3523008,SP,ITAPURA,municipal
3523107,SP,ITAQUAQUECETUBA,municipal
3523206,SP,ITARARE,municipal
3523305,SP,ITARIRI,municipal
3523404,SP,ITATIBA,municipal
3523503,SP,ITATINGA,municipal
3523602,SP,ITIRAPINA,municipal
3523701,SP,ITIRAPUA,municipal
3523800,SP,ITOBI,municipal
3523909,SP,ITU,municipal
3524006,SP,ITUPEVA,municipal
3524105,SP,ITUVERAVA,municipal
3524204,SP,JABORANDI,municipal
3524303,SP,JABOTICABAL,municipal
3524402,SP,JACAREI,municipal
3524501,SP,JACI,municipal
3524600,SP,JACUPIRANGA,municipal
3524709,SP,JAGUARIUNA,municipal
3524808,SP,JALES,municipal
3524907,SP,JAMBEIRO,municipal
3525003,SP,JANDIRA,municipal
3525102,SP,JARDINOPOLIS,municipal
3525201,SP,JARINU,municipal
3525300,SP,JAU,municipal
3525409,SP,JERIQUARA,municipal
3525508,SP,JOANOPOLIS,municipal
3525607,SP,JOAO RAMALHO,municipal
3525706,SP,JOSE BONIFACIO,municipal
3525805,SP,JULIO MESQUITA,municipal
3525854,SP,JUMIRIM,municipal
3525904,SP,JUNDIAI,municipal
3526001,SP,JUNQUEIROPOLIS,municipal
3526100,SP,JUQUIA,municipal
3526209,SP,JUQUITIBA,municipal
3526308,SP,LAGOINHA,municipal
3526407,SP,LARANJAL PAULISTA,municipal
3526506,SP,LAVINIA,municipal
3526605,SP,LAVRINHAS,municipal
3526704,SP,LEME,municipal
3526803,SP,LENCOIS PAULISTA,municipal
3526902,SP,LIMEIRA,municipal
3527009,SP,LINDOIA,municipal
3527108,SP,LINS,municipal
3527207,SP,LORENA,municipal
3527256,SP,LOURDES,municipal
3527306,SP,LOUVEIRA,municipal
3527405,SP,LUCELIA,municipal
3527504,SP,LUCIANOPOLIS,municipal
3527603,SP,LUIS ANTONIO,municipal
3527702,SP,LUIZIANIA,municipal
3527801,SP,LUPERCIO,municipal
3527900,SP,LUTECIA,municipal
3528007,SP,MACATUBA,municipal
3528106,SP,MACAUBAL,municipal
3528205,SP,MACEDONIA,municipal
3528304,SP,MAGDA,municipal
3528403,SP,MAIRINQUE,municipal
3528502,SP,MAIRIPORA,municipal
3528601,SP,MANDURI,municipal
3528700,SP,MARABA PAULISTA,municipal
3528809,SP,MARACAI,municipal
3528858,SP,MARAPOAMA,municipal
3528908,SP,MARIAPOLIS,municipal
3529005,SP,MARILIA,municipal
3529104,SP,MARINOPOLIS,municipal
3529203,SP,MARTINOPOLIS,municipal
3529302,SP,MATAO,municipal
3529401,SP,MAUA,municipal
3529500,SP,MENDONCA,municipal
3529609,SP,MERIDIANO,municipal
3529658,SP,MESOPOLIS,municipal
3529708,SP,MIGUELOPOLIS,municipal
3529807,SP,MINEIROS DO TIETE,municipal
3529906,SP,MIRACATU,municipal
3530003,SP,MIRA ESTRELA,municipal
3530102,SP,MIRANDOPOLIS,municipal
3530201,SP,MIRANTE DO PARANAPANEMA,municipal
3530300,SP,MIRASSOL,municipal
3530409,SP,MIRASSOLANDIA,municipal
3530508,SP,MOCOCA,municipal
3530607,SP,MOGI DAS CRUZES,municipal
3530706,SP,MOGI-GUACU,municipal
3530805,SP,MOGI MIRIM,municipal
3530904,SP,MOMBUCA,municipal
3531001,SP,MONCOES,municipal
3531100,SP,MONGAGUA,municipal
3531209,SP,MONTE ALEGRE DO SUL,municipal
3531308,SP,MONTE ALTO,municipal
3531407,SP,MONTE APRAZIVEL,municipal
3531506,SP,MONTE AZUL PAULISTA,municipal
3531605,SP,MONTE CASTELO,municipal
3531704,SP,MONTEIRO LOBATO,municipal
3531803,SP,MONTE MOR,municipal
3531902,SP,MORRO AGUDO,municipal
3532009,SP,MORUNGABA,municipal
3532058,SP,MOTUCA,municipal
3532108,SP,MURUTINGA DO SUL,municipal
3532157,SP,NANTES,municipal
3532207,SP,NARANDIBA,municipal
3532306,SP,NATIVIDADE DA SERRA,municipal
3532405,SP,NAZARE PAULISTA,municipal
3532504,SP,NEVES PAULISTA,municipal
3532603,SP,NHANDEARA,municipal
3532702,SP,NIPOA,municipal
3532801,SP,NOVA ALIANCA,municipal
3532827,SP,NOVA CAMPINA,municipal
3532843,SP,NOVA CANAA PAULISTA,municipal
3532868,SP,NOVA CASTILHO,municipal
3532900,SP,NOVA EUROPA,municipal
3533007,SP,NOVA GRANADA,municipal
3533106,SP,NOVA GUATAPORANGA,municipal
3533205,SP,NOVA INDEPENDENCIA,municipal
3533254,SP,NOVAIS,municipal
3533304,SP,NOVA LUZITANIA,municipal
3533403,SP,NOVA ODESSA,municipal
3533502,SP,NOVO HORIZONTE,municipal
3533601,SP,NUPORANGA,municipal
3533700,SP,OCAUCU,municipal
3533809,SP,OLEO,municipal
3533908,SP,OLIMPIA,municipal
3534005,SP,ONDA VERDE,municipal
3534104,SP,ORIENTE,municipal
3534203,SP,ORINDIUVA,municipal
3534302,SP,ORLANDIA,municipal
3534401,SP,OSASCO,municipal
3534500,SP,OSCAR BRESSANE,municipal
3534609,SP,OSVALDO CRUZ,municipal
3534708,SP,OURINHOS,municipal
3534757,SP,OUROESTE,municipal
3534807,SP,OURO VERDE,municipal
3534906,SP,PACAEMBU,municipal
3535002,SP,PALESTINA,municipal
3535101,SP,PALMARES PAULISTA,municipal
3535200,SP,PALMEIRA DOESTE,municipal
3535309,SP,PALMITAL,municipal
3535408,SP,PANORAMA,municipal
3535507,SP,PARAGUACU PAULISTA,municipal
3535606,SP,PARAIBUNA,municipal
3535705,SP,PARAISO,municipal
3535804,SP,PARANAPANEMA,municipal
3535903,SP,PARANAPUA,municipal
3536000,SP,PARAPUA,municipal
3536109,SP,PARDINHO,municipal
3536208,SP,PARIQUERA-ACU,municipal
3536257,SP,PARISI,municipal
3536307,SP,PATROCINIO PAULISTA,municipal
3536406,SP,PAULICEIA,municipal
3536505,SP,PAULINIA,municipal
3536570,SP,PAULISTANIA,municipal
3536604,SP,PAULO DE FARIA,municipal
3536703,SP,PEDERNEIRAS,municipal
3536802,SP,PEDRA BELA,municipal
3536901,SP,PEDRANOPOLIS,municipal
3537008,SP,PEDREGULHO,municipal
3537107,SP,PEDREIRA,municipal
3537156,SP,PEDRINHAS PAULISTA,municipal
3537206,SP,PEDRO DE TOLEDO,municipal
3537305,SP,PENAPOLIS,municipal
3537404,SP,PEREIRA BARRETO,municipal
3537503,SP,PEREIRAS,municipal
3537602,SP,PERUIBE,municipal
3537701,SP,PIACATU,municipal
3537800,SP,PIEDADE,municipal
3537909,SP,PILAR DO SUL,municipal
3538006,SP,PINDAMONHANGABA,municipal
3538105,SP,PINDORAMA,municipal
3538204,SP,PINHALZINHO,municipal
3538303,SP,PIQUEROBI,municipal
3538501,SP,PIQUETE,municipal
3538600,SP,PIRACAIA,municipal
3538709,SP,PIRACICABA,municipal
3538808,SP,PIRAJU,municipal
3538907,SP,PIRAJUI,municipal
3539004,SP,PIRANGI,municipal
3539103,SP,PIRAPORA DO BOM JESUS,municipal
3539202,SP,PIRAPOZINHO,municipal
3539301,SP,PIRASSUNUNGA,municipal
3539400,SP,PIRATININGA,municipal
3539509,SP,PITANGUEIRAS,municipal
3539608,SP,PLANALTO,municipal
3539707,SP,PLATINA,municipal
3539806,SP,POA,municipal
3539905,SP,POLONI,municipal
3540002,SP,POMPEIA,municipal
3540101,SP,PONGAI,municipal
3540200,SP,PONTAL,municipal
3540259,SP,PONTALINDA,municipal
3540309,SP,PONTES GESTAL,municipal
3540408,SP,POPULINA,municipal
3540507,SP,PORANGABA,municipal
3540606,SP,PORTO FELIZ,municipal
3540705,SP,PORTO FERREIRA,municipal
3540754,SP,POTIM,municipal
3540804,SP,POTIRENDABA,municipal
3540853,SP,PRACINHA,municipal
3540903,SP,PRADOPOLIS,municipal
3541000,SP,PRAIA GRANDE,municipal
3541059,SP,PRATANIA,municipal
3541109,SP,PRESIDENTE ALVES,municipal
3541208,SP,PRESIDENTE BERNARDES,municipal
3541307,SP,PRESIDENTE EPITACIO,municipal
3541406,SP,PRESIDENTE PRUDENTE,municipal
3541505,SP,PRESIDENTE VENCESLAU,municipal
3541604,SP,PROMISSAO,municipal
3541653,SP,QUADRA,municipal
3541703,SP,QUATA,municipal
3541802,SP,QUEIROZ,municipal
3541901,SP,QUELUZ,municipal
3542008,SP,QUINTANA,municipal
3542107,SP,RAFARD,municipal
3542206,SP,RANCHARIA,municipal
3542305,SP,REDENCAO DA SERRA,municipal
3542404,SP,REGENTE FEIJO,municipal
3542503,SP,REGINOPOLIS,municipal
3542602,SP,REGISTRO,municipal
3542701,SP,RESTINGA,municipal
3542800,SP,RIBEIRA,municipal
3542909,SP,RIBEIRAO BONITO,municipal
3543006,SP,RIBEIRAO BRANCO,municipal
3543105,SP,RIBEIRAO CORRENTE,municipal
3543204,SP,RIBEIRAO DO SUL,municipal
3543238,SP,RIBEIRAO DOS INDIOS,municipal
3543253,SP,RIBEIRAO GRANDE,municipal
3543303,SP,RIBEIRAO PIRES,municipal
3543402,SP,RIBEIRAO PRETO,municipal
3543501,SP,RIVERSUL,municipal
3543600,SP,RIFAINA,municipal
3543709,SP,RINCAO,municipal
3543808,SP,RINOPOLIS,municipal
3543907,SP,RIO CLARO,municipal
3544004,SP,RIO DAS PEDRAS,municipal
3544103,SP,RIO GRANDE DA SERRA,municipal
3544202,SP,RIOLANDIA,municipal
3544251,SP,ROSANA,municipal
3544301,SP,ROSEIRA,municipal
3544400,SP,RUBIACEA,municipal
3544509,SP,RUBINEIA,municipal
3544608,SP,SABINO,municipal
3544707,SP,SAGRES,municipal
3544806,SP,SALES,municipal
3544905,SP,SALES OLIVEIRA,municipal
3545001,SP,SALESOPOLIS,municipal
3545100,SP,SALMOURAO,municipal
3545159,SP,SALTINHO,municipal
3545209,SP,SALTO,municipal
3545308,SP,SALTO DE PIRAPORA,municipal
3545407,SP,SALTO GRANDE,municipal
3545506,SP,SANDOVALINA,municipal
3545605,SP,SANTA ADELIA,municipal
3545704,SP,SANTA ALBERTINA,municipal
3545803,SP,SANTA BARBARA DOESTE,municipal
3546009,SP,SANTA BRANCA,municipal
3546108,SP,SANTA CLARA DOESTE,municipal
3546207,SP,SANTA CRUZ DA CONCEICAO,municipal
3546256,SP,SANTA CRUZ DA ESPERANCA,municipal
3546306,SP,SANTA CRUZ DAS PALMEIRAS,municipal
3546405,SP,SANTA CRUZ DO RIO PARDO,municipal
3546504,SP,SANTA ERNESTINA,municipal
3546603,SP,SANTA FE DO SUL,municipal
3546702,SP,SANTA GERTRUDES,municipal
3546801,SP,SANTA ISABEL,municipal
3546900,SP,SANTA LUCIA,municipal
3547007,SP,SANTA MARIA DA SERRA,municipal
3547106,SP,SANTA MERCEDES,municipal
3547205,SP,SANTANA DA PONTE PENSA,municipal
3547304,SP,SANTANA DE PARNAIBA,municipal
3547403,SP,SANTA RITA DOESTE,municipal
3547502,SP,SANTA RITA DO PASSA QUATRO,municipal
3547601,SP,SANTA ROSA DE VITERBO,municipal
3547650,SP,SANTA SALETE,municipal
3547700,SP,SANTO ANASTACIO,municipal
3547809,SP,SANTO ANDRE,municipal
3547908,SP,SANTO ANTONIO DA ALEGRIA,municipal
3548005,SP,SANTO ANTONIO DE POSSE,municipal
3548054,SP,SANTO ANTONIO DO ARACANGUA,municipal
3548104,SP,SANTO ANTONIO DO JARDIM,municipal
3548203,SP,SANTO ANTONIO DO PINHAL,municipal
3548302,SP,SANTO EXPEDITO,municipal
3548401,SP,SANTOPOLIS DO AGUAPEI,municipal
3548500,SP,SANTOS,municipal
3548609,SP,SAO BENTO DO SAPUCAI,municipal
3548708,SP,SAO BERNARDO DO CAMPO,municipal
3548807,SP,SAO CAETANO DO SUL,municipal
3548906,SP,SAO CARLOS,municipal
3549003,SP,SAO FRANCISCO,municipal
3549102,SP,SAO JOAO DA BOA VISTA,municipal
3549201,SP,SAO JOAO DAS DUAS PONTES,municipal
3549250,SP,SAO JOAO DE IRACEMA,municipal
3549300,SP,SAO JOAO DO PAU DALHO,municipal
3549409,SP,SAO JOAQUIM DA BARRA,municipal
3549508,SP,SAO JOSE DA BELA VISTA,municipal
3549607,SP,SAO JOSE DO BARREIRO,municipal
3549706,SP,SAO JOSE DO RIO PARDO,municipal
3549805,SP,SAO JOSE DO RIO PRETO,municipal
3549904,SP,SAO JOSE DOS CAMPOS,municipal
3549953,SP,SAO LOURENCO DA SERRA,municipal
3550001,SP,SAO LUIS DO PARAITINGA,municipal
3550100,SP,SAO MANUEL,municipal
3550209,SP,SAO MIGUEL ARCANJO,municipal
3550308,SP,SAO PAULO,municipal
3550407,SP,SAO PEDRO,municipal
3550506,SP,SAO PEDRO DO TURVO,municipal
3550605,SP,SAO ROQUE,municipal
3550704,SP,SAO SEBASTIAO,municipal
3550803,SP,SAO SEBASTIAO DA GRAMA,municipal
3550902,SP,SAO SIMAO,municipal
3551009,SP,SAO VICENTE,municipal
3551108,SP,SARAPUI,municipal
3551207,SP,SARUTAIA,municipal
3551306,SP,SEBASTIANOPOLIS DO SUL,municipal
3551405,SP,SERRA AZUL,municipal
3551504,SP,SERRANA,municipal
3551603,SP,SERRA NEGRA,municipal
3551702,SP,SERTAOZINHO,municipal
3551801,SP,SETE BARRAS,municipal
3551900,SP,SEVERINIA,municipal
3552007,SP,SILVEIRAS,municipal
3552106,SP,SOCORRO,municipal
3552205,SP,SOROCABA,municipal
3552304,SP,SUD MENNUCCI,municipal
3552403,SP,SUMARE,municipal
3552502,SP,SUZANO,municipal
3552551,SP,SUZANAPOLIS,municipal
3552601,SP,TABAPUA,municipal
3552700,SP,TABATINGA,municipal
3552809,SP,TABOAO DA SERRA,municipal
3552908,SP,TACIBA,municipal
3553005,SP,TAGUAI,municipal
3553104,SP,TAIACU,municipal
3553203,SP,TAIUVA,municipal
3553302,SP,TAMBAU,municipal
3553401,SP,TANABI,municipal
3553500,SP,TAPIRAI,municipal
3553609,SP,TAPIRATIBA,municipal
3553658,SP,TAQUARAL,municipal
3553708,SP,TAQUARITINGA,municipal
3553807,SP,TAQUARITUBA,municipal
3553856,SP,TAQUARIVAI,municipal
3553906,SP,TARABAI,municipal
3553955,SP,TARUMA,municipal
3554003,SP,TATUI,municipal
3554102,SP,TAUBATE,municipal
3554201,SP,TEJUPA,municipal
3554300,SP,TEODORO SAMPAIO,municipal
3554409,SP,TERRA ROXA,municipal
3554508,SP,TIETE,municipal
3554607,SP,TIMBURI,municipal
3554656,SP,TORRE DE PEDRA,municipal
3554706,SP,TORRINHA,municipal
3554755,SP,TRABIJU,municipal
3554805,SP,TREMEMBE,municipal
3554904,SP,TRES FRONTEIRAS,municipal
3554953,SP,TUIUTI,municipal
3555000,SP,TUPA,municipal
3555109,SP,TUPI PAULISTA,municipal
3555208,SP,TURIUBA,municipal
3555307,SP,TURMALINA,municipal
3555356,SP,UBARANA,municipal
3555406,SP,UBATUBA,municipal
3555505,SP,UBIRAJARA,municipal
3555604,SP,UCHOA,municipal
3555703,SP,UNIAO PAULISTA,municipal
3555802,SP,URANIA,municipal
3555901,SP,URU,municipal
3556008,SP,URUPES,municipal
3556107,SP,VALENTIM GENTIL,municipal
3556206,SP,VALINHOS,municipal
3556305,SP,VALPARAISO,municipal
3556354,SP,VARGEM,municipal
3556404,SP,VARGEM GRANDE DO SUL,municipal
3556453,SP,VARGEM GRANDE PAULISTA,municipal
3556503,SP,VARZEA PAULISTA,municipal
3556602,SP,VERA CRUZ,municipal
3556701,SP,VINHEDO,municipal
3556800,SP,VIRADOURO,municipal
3556909,SP,VISTA ALEGRE DO ALTO,municipal
3556958,SP,VITORIA BRASIL,municipal
3557006,SP,VOTORANTIM,municipal
3557105,SP,VOTUPORANGA,municipal
3557154,SP,ZACARIAS,municipal
3557204,SP,CHAVANTES,municipal
3557303,SP,ESTIVA GERBI,municipal
4100103,PR,ABATIA,municipal
4100202,PR,ADRIANOPOLIS,municipal
4100301,PR,AGUDOS DO SUL,municipal
4100400,PR,ALMIRANTE TAMANDARE,municipal
4100459,PR,ALTAMIRA DO PARANA,municipal
4100509,PR,ALTONIA,municipal
4100608,PR,ALTO PARANA,municipal
4100707,PR,ALTO PIQUIRI,municipal
4100806,PR,ALVORADA DO SUL,municipal
4100905,PR,AMAPORA,municipal
4101002,PR,AMPERE,municipal
4101051,PR,ANAHY,municipal
4101101,PR,ANDIRA,municipal
4101150,PR,ANGULO,municipal
4101200,PR,ANTONINA,municipal
4101309,PR,ANTONIO OLINTO,municipal
4101408,PR,APUCARANA,municipal
4101507,PR,ARAPONGAS,municipal
4101606,PR,ARAPOTI,municipal
4101655,PR,ARAPUA,municipal
4101705,PR,ARARUNA,municipal
4101804,PR,ARAUCARIA,municipal
4101853,PR,ARIRANHA DO IVAI,municipal
4101903,PR,ASSAI,municipal
4102000,PR,ASSIS CHATEAUBRIAND,municipal
4102109,PR,ASTORGA,municipal
4102208,PR,ATALAIA,municipal
4102307,PR,BALSA NOVA,municipal
4102406,PR,BANDEIRANTES,municipal
4102505,PR,BARBOSA FERRAZ,municipal
4102604,PR,BARRACAO,municipal
4102703,PR,BARRA DO JACARE,municipal
4102752,PR,BELA VISTA DA CAROBA,municipal
4102802,PR,BELA VISTA DO PARAISO,municipal
4102901,PR,BITURUNA,municipal
4103008,PR,BOA ESPERANCA,municipal
4103024,PR,BOA ESPERANCA DO IGUACU,municipal
4103040,PR,BOA VENTURA DE SAO ROQUE,municipal
4103057,PR,BOA VISTA DA APARECIDA,municipal
4103107,PR,BOCAIUVA DO SUL,municipal
4103156,PR,BOM JESUS DO SUL,municipal
4103206,PR,BOM SUCESSO,municipal
4103222,PR,BOM SUCESSO DO SUL,municipal
4103305,PR,BORRAZOPOLIS,municipal
4103354,PR,BRAGANEY,municipal
4103370,PR,BRASILANDIA DO SUL,municipal
4103404,PR,CAFEARA,municipal
4103453,PR,CAFELANDIA,municipal
4103479,PR,CAFEZAL DO SUL,municipal
4103503,PR,CALIFORNIA,municipal
4103602,PR,CAMBARA,municipal
4103701,PR,CAMBE,municipal
4103800,PR,CAMBIRA,municipal
4103909,PR,CAMPINA DA LAGOA,municipal
4103958,PR,CAMPINA DO SIMAO,municipal
4104006,PR,CAMPINA GRANDE DO SUL,municipal
4104055,PR,CAMPO BONITO,municipal
4104105,PR,CAMPO DO TENENTE,municipal
4104204,PR,CAMPO LARGO,municipal
4104253,PR,CAMPO MAGRO,municipal
4104303,PR,CAMPO MOURAO,municipal
4104402,PR,CANDIDO DE ABREU,municipal
4104428,PR,CANDOI,municipal
4104451,PR,CANTAGALO,municipal
4104501,PR,CAPANEMA,municipal
4104600,PR,CAPITAO LEONIDAS MARQUES,municipal
4104659,PR,CARAMBEI,municipal
4104709,PR,CARLOPOLIS,municipal
4104808,PR,CASCAVEL,municipal
4104907,PR,CASTRO,municipal
4105003,PR,CATANDUVAS,municipal
4105102,PR,CENTENARIO DO SUL,municipal
4105201,PR,CERRO AZUL,municipal
4105300,PR,CEU AZUL,municipal
4105409,PR,CHOPINZINHO,municipal
4105508,PR,CIANORTE,municipal
4105607,PR,CIDADE GAUCHA,municipal
4105706,PR,CLEVELANDIA,municipal
4105805,PR,COLOMBO,municipal
4105904,PR,COLORADO,municipal
4106001,PR,CONGONHINHAS,municipal
4106100,PR,CONSELHEIRO MAIRINCK,municipal
4106209,PR,CONTENDA,municipal
4106308,PR,CORBELIA,municipal
4106407,PR,CORNELIO PROCOPIO,municipal
4106456,PR,CORONEL DOMINGOS SOARES,municipal
4106506,PR,CORONEL VIVIDA,municipal
4106555,PR,CORUMBATAI DO SUL,municipal
4106571,PR,CRUZEIRO DO IGUACU,municipal
4106605,PR,CRUZEIRO DO OESTE,municipal
4106704,PR,CRUZEIRO DO SUL,municipal
4106803,PR,CRUZ MACHADO,municipal
4106852,PR,CRUZMALTINA,municipal
4106902,PR,CURITIBA,municipal
4107009,PR,CURIUVA,municipal
4107108,PR,DIAMANTE DO NORTE,municipal
4107124,PR,DIAMANTE DO SUL,municipal
4107157,PR,DIAMANTE DOESTE,municipal
4107207,PR,DOIS VIZINHOS,municipal
4107256,PR,DOURADINA,municipal
4107306,PR,DOUTOR CAMARGO,municipal
4107405,PR,ENEAS MARQUES,municipal
4107504,PR,ENGENHEIRO BELTRAO,municipal
4107520,PR,ESPERANCA NOVA,municipal
4107538,PR,ENTRE RIOS DO OESTE,municipal
4107546,PR,ESPIGAO ALTO DO IGUACU,municipal
4107553,PR,FAROL,municipal
4107603,PR,FAXINAL,municipal
4107652,PR,FAZENDA RIO GRANDE,municipal
4107702,PR,FENIX,municipal
4107736,PR,FERNANDES PINHEIRO,municipal
4107751,PR,FIGUEIRA,municipal
4107801,PR,FLORAI,municipal
4107850,PR,FLOR DA SERRA DO SUL,municipal
4107900,PR,FLORESTA,municipal
4108007,PR,FLORESTOPOLIS,municipal
4108106,PR,FLORIDA,municipal
4108205,PR,FORMOSA DO OESTE,municipal
4108304,PR,FOZ DO IGUACU,municipal
4108320,PR,FRANCISCO ALVES,municipal
4108403,PR,FRANCISCO BELTRAO,municipal
4108452,PR,FOZ DO JORDAO,municipal
4108502,PR,GENERAL CARNEIRO,municipal
4108551,PR,GODOY MOREIRA,municipal
4108601,PR,GOIOERE,municipal
4108650,PR,GOIOXIM,municipal
4108700,PR,GRANDES RIOS,municipal
4108809,PR,GUAIRA,municipal
4108908,PR,GUAIRACA,municipal
4108957,PR,GUAMIRANGA,municipal
4109005,PR,GUAPIRAMA,municipal
4109104,PR,GUAPOREMA,municipal
4109203,PR,GUARACI,municipal
4109302,PR,GUARANIACU,municipal
4109401,PR,GUARAPUAVA,municipal
4109500,PR,GUARAQUECABA,municipal
4109609,PR,GUARATUBA,municipal
4109658,PR,HONORIO SERPA,municipal
4109708,PR,IBAITI,municipal
4109757,PR,IBEMA,municipal
4109807,PR,IBIPORA,municipal
4109906,PR,ICARAIMA,municipal
4110003,PR,IGUARACU,municipal
4110052,PR,IGUATU,municipal
4110078,PR,IMBAU,municipal
4110102,PR,IMBITUVA,municipal
4110201,PR,INACIO MARTINS,municipal
4110300,PR,INAJA,municipal
4110409,PR,INDIANOPOLIS,municipal
4110508,PR,IPIRANGA,municipal
4110607,PR,IPORA,municipal
4110656,PR,IRACEMA DO OESTE,municipal
4110706,PR,IRATI,municipal
4110805,PR,IRETAMA,municipal
4110904,PR,ITAGUAJE,municipal
4110953,PR,ITAIPULANDIA,municipal
4111001,PR,ITAMBARACA,municipal
4111100,PR,ITAMBE,municipal
4111209,PR,ITAPEJARA DOESTE,municipal
4111258,PR,ITAPERUCU,municipal
4111308,PR,ITAUNA DO SUL,municipal
4111407,PR,IVAI,municipal
4111506,PR,IVAIPORA,municipal
4111555,PR,IVATE,municipal
4111605,PR,IVATUBA,municipal
4111704,PR,JABOTI,municipal
4111803,PR,JACAREZINHO,municipal
4111902,PR,JAGUAPITA,municipal
4112009,PR,JAGUARIAIVA,municipal
4112108,PR,JANDAIA DO SUL,municipal
4112207,PR,JANIOPOLIS,municipal
4112306,PR,JAPIRA,municipal
4112405,PR,JAPURA,municipal
4112504,PR,JARDIM ALEGRE,municipal
4112603,PR,JARDIM OLINDA,municipal
4112702,PR,JATAIZINHO,municipal
4112751,PR,JESUITAS,municipal
4112801,PR,JOAQUIM TAVORA,municipal
4112900,PR,JUNDIAI DO SUL,municipal
4112959,PR,JURANDA,municipal
4113007,PR,JUSSARA,municipal
4113106,PR,KALORE,municipal
4113205,PR,LAPA,municipal
4113254,PR,LARANJAL,municipal
4113304,PR,LARANJEIRAS DO SUL,municipal
4113403,PR,LEOPOLIS,municipal
4113429,PR,LIDIANOPOLIS,municipal
4113452,PR,LINDOESTE,municipal
4113502,PR,LOANDA,municipal
4113601,PR,LOBATO,municipal
4113700,PR,LONDRINA,municipal
4113734,PR,LUIZIANA,municipal
4113759,PR,LUNARDELLI,municipal
4113809,PR,LUPIONOPOLIS,municipal
4113908,PR,MALLET,municipal
4114005,PR,MAMBORE,municipal
4114104,PR,MANDAGUACU,municipal
4114203,PR,MANDAGUARI,municipal
4114302,PR,MANDIRITUBA,municipal
4114351,PR,MANFRINOPOLIS,municipal
4114401,PR,MANGUEIRINHA,municipal
4114500,PR,MANOEL RIBAS,municipal
4114609,PR,MARECHAL CANDIDO RONDON,municipal
4114708,PR,MARIA HELENA,municipal
4114807,PR,MARIALVA,municipal
4114906,PR,MARILANDIA DO SUL,municipal
4115002,PR,MARILENA,municipal
4115101,PR,MARILUZ,municipal
4115200,PR,MARINGA,municipal
4115309,PR,MARIOPOLIS,municipal
4115358,PR,MARIPA,municipal
4115408,PR,MARMELEIRO,municipal
4115457,PR,MARQUINHO,municipal
4115507,PR,MARUMBI,municipal
4115606,PR,MATELANDIA,municipal
4115705,PR,MATINHOS,municipal
4115739,PR,MATO RICO,municipal
4115754,PR,MAUA DA SERRA,municipal
4115804,PR,MEDIANEIRA,municipal
4115853,PR,MERCEDES,municipal
4115903,PR,MIRADOR,municipal
4116000,PR,MIRASELVA,municipal
4116059,PR,MISSAL,municipal
4116109,PR,MOREIRA SALES,municipal
4116208,PR,MORRETES,municipal
4116307,PR,MUNHOZ DE MELO,municipal
4116406,PR,NOSSA SENHORA DAS GRACAS,municipal
4116505,PR,NOVA ALIANCA DO IVAI,municipal
4116604,PR,NOVA AMERICA DA COLINA,municipal
4116703,PR,NOVA AURORA,municipal
4116802,PR,NOVA CANTU,municipal
4116901,PR,NOVA ESPERANCA,municipal
4116950,PR,NOVA ESPERANCA DO SUDOESTE,municipal
4117008,PR,NOVA FATIMA,municipal
4117057,PR,NOVA LARANJEIRAS,municipal
4117107,PR,NOVA LONDRINA,municipal
4117206,PR,NOVA OLIMPIA,municipal
4117214,PR,NOVA SANTA BARBARA,municipal
4117222,PR,NOVA SANTA ROSA,municipal
4117255,PR,NOVA PRATA DO IGUACU,municipal
4117271,PR,NOVA TEBAS,municipal
4117297,PR,NOVO ITACOLOMI,municipal
4117305,PR,ORTIGUEIRA,municipal
4117404,PR,OURIZONA,municipal
4117453,PR,OURO VERDE DO OESTE,municipal
4117503,PR,PAICANDU,municipal
4117602,PR,PALMAS,municipal
4117701,PR,PALMEIRA,municipal
4117800,PR,PALMITAL,municipal
4117909,PR,PALOTINA,municipal
4118006,PR,PARAISO DO NORTE,municipal
4118105,PR,PARANACITY,municipal
4118204,PR,PARANAGUA,municipal
4118303,PR,PARANAPOEMA,municipal
4118402,PR,PARANAVAI,municipal
4118451,PR,PATO BRAGADO,municipal
4118501,PR,PATO BRANCO,municipal
4118600,PR,PAULA FREITAS,municipal
4118709,PR,PAULO FRONTIN,municipal
4118808,PR,PEABIRU,municipal
4118857,PR,PEROBAL,municipal
4118907,PR,PEROLA,municipal
4119004,PR,PEROLA DOESTE,municipal
4119103,PR,PIEN,municipal
4119152,PR,PINHAIS,municipal
4119202,PR,PINHALAO,municipal
4119251,PR,PINHAL DE SAO BENTO,municipal
4119301,PR,PINHAO,municipal
4119400,PR,PIRAI DO SUL,municipal
4119509,PR,PIRAQUARA,municipal
4119608,PR,PITANGA,municipal
4119657,PR,PITANGUEIRAS,municipal
4119707,PR,PLANALTINA DO PARANA,municipal
4119806,PR,PLANALTO,municipal
4119905,PR,PONTA GROSSA,municipal
4119954,PR,PONTAL DO PARANA,municipal
4120002,PR,PORECATU,municipal
4120101,PR,PORTO AMAZONAS,municipal
4120150,PR,PORTO BARREIRO,municipal
4120200,PR,PORTO RICO,municipal
4120309,PR,PORTO VITORIA,municipal
4120333,PR,PRADO FERREIRA,municipal
4120358,PR,PRANCHITA,municipal
4120408,PR,PRESIDENTE CASTELO BRANCO,municipal
4120507,PR,PRIMEIRO DE MAIO,municipal
4120606,PR,PRUDENTOPOLIS,municipal
4120655,PR,QUARTO CENTENARIO,municipal
4120705,PR,QUATIGUA,municipal
4120804,PR,QUATRO BARRAS,municipal
4120853,PR,QUATRO PONTES,municipal
4120903,PR,QUEDAS DO IGUACU,municipal
4121000,PR,QUERENCIA DO NORTE,municipal
4121109,PR,QUINTA DO SOL,municipal
4121208,PR,QUITANDINHA,municipal
4121257,PR,RAMILANDIA,municipal
4121307,PR,RANCHO ALEGRE,municipal
4121356,PR,RANCHO ALEGRE DOESTE,municipal
4121406,PR,REALEZA,municipal
4121505,PR,REBOUCAS,municipal
4121604,PR,RENASCENCA,municipal
4121703,PR,RESERVA,municipal
4121752,PR,RESERVA DO IGUACU,municipal
4121802,PR,RIBEIRAO CLARO,municipal
4121901,PR,RIBEIRAO DO PINHAL,municipal
4122008,PR,RIO AZUL,municipal
4122107,PR,RIO BOM,municipal
4122156,PR,RIO BONITO DO IGUACU,municipal
4122172,PR,RIO BRANCO DO IVAI,municipal
4122206,PR,RIO BRANCO DO SUL,municipal
4122305,PR,RIO NEGRO,municipal
4122404,PR,ROLANDIA,municipal
4122503,PR,RONCADOR,municipal
4122602,PR,RONDON,municipal
4122651,PR,ROSARIO DO IVAI,municipal
4122701,PR,SABAUDIA,municipal
4122800,PR,SALGADO FILHO,municipal
4122909,PR,SALTO DO ITARARE,municipal
4123006,PR,SALTO DO LONTRA,municipal
4123105,PR,SANTA AMELIA,municipal
4123204,PR,SANTA CECILIA DO PAVAO,municipal
4123303,PR,SANTA CRUZ DE MONTE CASTELO,municipal
4123402,PR,SANTA FE,municipal
4123501,PR,SANTA HELENA,municipal
4123600,PR,SANTA INES,municipal
4123709,PR,SANTA ISABEL DO IVAI,municipal
4123808,PR,SANTA IZABEL DO OESTE,municipal
4123824,PR,SANTA LUCIA,municipal
4123857,PR,SANTA MARIA DO OESTE,municipal
4123907,PR,SANTA MARIANA,municipal
4123956,PR,SANTA MONICA,municipal
4124004,PR,SANTANA DO ITARARE,municipal
4124020,PR,SANTA TEREZA DO OESTE,municipal
4124053,PR,SANTA TEREZINHA DE ITAIPU,municipal
4124103,PR,SANTO ANTONIO DA PLATINA,municipal
4124202,PR,SANTO ANTONIO DO CAIUA,municipal
4124301,PR,SANTO ANTONIO DO PARAISO,municipal
4124400,PR,SANTO ANTONIO DO SUDOESTE,municipal
4124509,PR,SANTO INACIO,municipal
4124608,PR,SAO CARLOS DO IVAI,municipal
4124707,PR,SAO JERONIMO DA SERRA,municipal
4124806,PR,SAO JOAO,municipal
4124905,PR,SAO JOAO DO CAIUA,municipal
4125001,PR,SAO JOAO DO IVAI,municipal
4125100,PR,SAO JOAO DO TRIUNFO,municipal
4125209,PR,SAO JORGE DOESTE,municipal
4125308,PR,SAO JORGE DO IVAI,municipal
4125357,PR,SAO JORGE DO PATROCINIO,municipal
4125407,PR,SAO JOSE DA BOA VISTA,municipal
4125456,PR,SAO JOSE DAS PALMEIRAS,municipal
4125506,PR,SAO JOSE DOS PINHAIS,municipal
4125555,PR,SAO MANOEL DO PARANA,municipal
4125605,PR,SAO MATEUS DO SUL,municipal
4125704,PR,SAO MIGUEL DO IGUACU,municipal
4125753,PR,SAO PEDRO DO IGUACU,municipal
4125803,PR,SAO PEDRO DO IVAI,municipal
4125902,PR,SAO PEDRO DO PARANA,municipal
4126009,PR,SAO SEBASTIAO DA AMOREIRA,municipal
4126108,PR,SAO TOME,municipal
4126207,PR,SAPOPEMA,municipal
4126256,PR,SARANDI,municipal
4126272,PR,SAUDADE DO IGUACU,municipal
4126306,PR,SENGES,municipal
4126355,PR,SERRANOPOLIS DO IGUACU,municipal
4126405,PR,SERTANEJA,municipal
4126504,PR,SERTANOPOLIS,municipal
4126603,PR,SIQUEIRA CAMPOS,municipal
4126652,PR,SULINA,municipal
4126678,PR,TAMARANA,municipal
4126702,PR,TAMBOARA,municipal
4126801,PR,TAPEJARA,municipal
4126900,PR,TAPIRA,municipal
4127007,PR,TEIXEIRA SOARES,municipal
4127106,PR,TELEMACO BORBA,municipal
4127205,PR,TERRA BOA,municipal
4127304,PR,TERRA RICA,municipal
4127403,PR,TERRA ROXA,municipal
4127502,PR,TIBAGI,municipal
4127601,PR,TIJUCAS DO SUL,municipal
4127700,PR,TOLEDO,municipal
4127809,PR,TOMAZINA,municipal
4127858,PR,TRES BARRAS DO PARANA,municipal
4127882,PR,TUNAS DO PARANA,municipal
4127908,PR,TUNEIRAS DO OESTE,municipal
4127957,PR,TUPASSI,municipal
4127965,PR,TURVO,municipal
4128005,PR,UBIRATA,municipal
4128104,PR,UMUARAMA,municipal
4128203,PR,UNIAO DA VITORIA,municipal
4128302,PR,UNIFLOR,municipal
4128401,PR,URAI,municipal
4128500,PR,WENCESLAU BRAZ,municipal
4128534,PR,VENTANIA,municipal
4128559,PR,VERA CRUZ DO OESTE,municipal
4128609,PR,VERE,municipal
4128625,PR,ALTO PARAISO,municipal
4128633,PR,DOUTOR ULYSSES,municipal
4128658,PR,VIRMOND,municipal
4128708,PR,VITORINO,municipal
4128807,PR,XAMBRE,municipal
4200051,SC,ABDON BATISTA,municipal
4200101,SC,ABELARDO LUZ,municipal
4200200,SC,AGROLANDIA,municipal
4200309,SC,AGRONOMICA,municipal
4200408,SC,AGUA DOCE,municipal
4200507,SC,AGUAS DE CHAPECO,municipal
4200556,SC,AGUAS FRIAS,municipal
4200606,SC,AGUAS MORNAS,municipal
4200705,SC,ALFREDO WAGNER,municipal
4200754,SC,ALTO BELA VISTA,municipal
4200804,SC,ANCHIETA,municipal
4200903,SC,ANGELINA,municipal
4201000,SC,ANITA GARIBALDI,municipal
4201109,SC,ANITAPOLIS,municipal
4201208,SC,ANTONIO CARLOS,municipal
4201257,SC,APIUNA,municipal
4201273,SC,ARABUTA,municipal
4201307,SC,ARAQUARI,municipal
4201406,SC,ARARANGUA,municipal
4201505,SC,ARMAZEM,municipal
4201604,SC,ARROIO TRINTA,municipal
4201653,SC,ARVOREDO,municipal
4201703,SC,ASCURRA,municipal
4201802,SC,ATALANTA,municipal
4201901,SC,AURORA,municipal
4201950,SC,BALNEARIO ARROIO DO SILVA,municipal
4202008,SC,BALNEARIO CAMBORIU,municipal
4202057,SC,BALNEARIO BARRA DO SUL,municipal
4202073,SC,BALNEARIO GAIVOTA,municipal
4202081,SC,BANDEIRANTE,municipal
4202099,SC,BARRA BONITA,municipal
4202107,SC,BARRA VELHA,municipal
4202131,SC,BELA VISTA DO TOLDO,municipal
4202156,SC,BELMONTE,municipal
4202206,SC,BENEDITO NOVO,municipal
4202305,SC,BIGUACU,municipal
4202404,SC,BLUMENAU,municipal
4202438,SC,BOCAINA DO SUL,municipal
4202453,SC,BOMBINHAS,municipal
4202503,SC,BOM JARDIM DA SERRA,municipal
4202537,SC,BOM JESUS,municipal
4202578,SC,BOM JESUS DO OESTE,municipal
4202602,SC,BOM RETIRO,municipal
4202701,SC,BOTUVERA,municipal
4202800,SC,BRACO DO NORTE,municipal
4202859,SC,BRACO DO TROMBUDO,municipal
4202875,SC,BRUNOPOLIS,municipal
4202909,SC,BRUSQUE,municipal
4203006,SC,CACADOR,municipal
4203105,SC,CAIBI,municipal
4203154,SC,CALMON,municipal
4203204,SC,CAMBORIU,municipal
4203253,SC,CAPAO ALTO,municipal
4203303,SC,CAMPO ALEGRE,municipal
4203402,SC,CAMPO BELO DO SUL,municipal
4203501,SC,CAMPO ERE,municipal
4203600,SC,CAMPOS NOVOS,municipal
4203709,SC,CANELINHA,municipal
4203808,SC,CANOINHAS,municipal
4203907,SC,CAPINZAL,municipal
4203956,SC,CAPIVARI DE BAIXO,municipal
4204004,SC,CATANDUVAS,municipal
4204103,SC,CAXAMBU DO SUL,municipal
4204152,SC,CELSO RAMOS,municipal
4204178,SC,CERRO NEGRO,municipal
4204194,SC,CHAPADAO DO LAGEADO,municipal
4204202,SC,CHAPECO,municipal
4204251,SC,COCAL DO SUL,municipal
4204301,SC,CONCORDIA,municipal
4204350,SC,CORDILHEIRA ALTA,municipal
4204400,SC,CORONEL FREITAS,municipal
4204459,SC,CORONEL MARTINS,municipal
4204509,SC,CORUPA,municipal
4204558,SC,CORREIA PINTO,municipal
4204608,SC,CRICIUMA,municipal
4204707,SC,CUNHA PORA,municipal
4204756,SC,CUNHATAI,municipal
4204806,SC,CURITIBANOS,municipal
4204905,SC,DESCANSO,municipal
4205001,SC,DIONISIO CERQUEIRA,municipal
4205100,SC,DONA EMMA,municipal
4205159,SC,DOUTOR PEDRINHO,municipal
4205175,SC,ENTRE RIOS,municipal
4205191,SC,ERMO,municipal
4205209,SC,ERVAL VELHO,municipal
4205308,SC,FAXINAL DOS GUEDES,municipal
4205357,SC,FLOR DO SERTAO,municipal
4205407,SC,FLORIANOPOLIS,municipal
4205431,SC,FORMOSA DO SUL,municipal
4205456,SC,FORQUILHINHA,municipal
4205506,SC,FRAIBURGO,municipal
4205555,SC,FREI ROGERIO,municipal
4205605,SC,GALVAO,municipal
4205704,SC,GAROPABA,municipal
4205803,SC,GARUVA,municipal
4205902,SC,GASPAR,municipal
4206009,SC,GOVERNADOR CELSO RAMOS,municipal
4206108,SC,GRAO PARA,municipal
4206207,SC,GRAVATAL,municipal
4206306,SC,GUABIRUBA,municipal
4206405,SC,GUARACIABA,municipal
4206504,SC,GUARAMIRIM,municipal
4206603,SC,GUARUJA DO SUL,municipal
4206652,SC,GUATAMBU,municipal
4206702,SC,HERVAL DOESTE,municipal
4206751,SC,IBIAM,municipal
4206801,SC,IBICARE,municipal
4206900,SC,IBIRAMA,municipal
4207007,SC,ICARA,municipal
4207106,SC,ILHOTA,municipal
4207205,SC,IMARUI,municipal
4207304,SC,IMBITUBA,municipal
4207403,SC,IMBUIA,municipal
4207502,SC,INDAIAL,municipal
4207577,SC,IOMERE,municipal
4207601,SC,IPIRA,municipal
4207650,SC,IPORA DO OESTE,municipal
4207684,SC,IPUACU,municipal
4207700,SC,IPUMIRIM,municipal
4207759,SC,IRACEMINHA,municipal
4207809,SC,IRANI,municipal
4207858,SC,IRATI,municipal
4207908,SC,IRINEOPOLIS,municipal
4208005,SC,ITA,municipal
4208104,SC,ITAIOPOLIS,municipal
4208203,SC,ITAJAI,municipal
4208302,SC,ITAPEMA,municipal
4208401,SC,ITAPIRANGA,municipal
4208450,SC,ITAPOA,municipal
4208500,SC,ITUPORANGA,municipal
4208609,SC,JABORA,municipal
4208708,SC,JACINTO MACHADO,municipal
4208807,SC,JAGUARUNA,municipal
4208906,SC,JARAGUA DO SUL,municipal
4208955,SC,JARDINOPOLIS,municipal
4209003,SC,JOACABA,municipal
4209102,SC,JOINVILLE,municipal
4209151,SC,JOSE BOITEUX,municipal
4209177,SC,JUPIA,municipal
4209201,SC,LACERDOPOLIS,municipal
4209300,SC,LAGES,municipal
4209409,SC,LAGUNA,municipal
4209458,SC,LAJEADO GRANDE,municipal
4209508,SC,LAURENTINO,municipal
4209607,SC,LAURO MULLER,municipal
4209706,SC,LEBON REGIS,municipal
4209805,SC,LEOBERTO LEAL,municipal
4209854,SC,LINDOIA DO SUL,municipal
4209904,SC,LONTRAS,municipal
4210001,SC,LUIZ ALVES,municipal
4210035,SC,LUZERNA,municipal
4210050,SC,MACIEIRA,municipal
4210100,SC,MAFRA,municipal
4210209,SC,MAJOR GERCINO,municipal
4210308,SC,MAJOR VIEIRA,municipal
4210407,SC,MARACAJA,municipal
4210506,SC,MARAVILHA,municipal
4210555,SC,MAREMA,municipal
4210605,SC,MASSARANDUBA,municipal
4210704,SC,MATOS COSTA,municipal
4210803,SC,MELEIRO,municipal
4210852,SC,MIRIM DOCE,municipal
4210902,SC,MODELO,municipal
4211009,SC,MONDAI,municipal
4211058,SC,MONTE CARLO,municipal
4211108,SC,MONTE CASTELO,municipal
4211207,SC,MORRO DA FUMACA,municipal
4211256,SC,MORRO GRANDE,municipal
4211306,SC,NAVEGANTES,municipal
4211405,SC,NOVA ERECHIM,municipal
4211454,SC,NOVA ITABERABA,municipal
4211504,SC,NOVA TRENTO,municipal
4211603,SC,NOVA VENEZA,municipal
4211652,SC,NOVO HORIZONTE,municipal
4211702,SC,ORLEANS,municipal
4211751,SC,OTACILIO COSTA,municipal
4211801,SC,OURO,municipal
4211850,SC,OURO VERDE,municipal
4211876,SC,PAIAL,municipal
4211892,SC,PAINEL,municipal
4211900,SC,PALHOCA,municipal
4212007,SC,PALMA SOLA,municipal
4212056,SC,PALMEIRA,municipal
4212106,SC,PALMITOS,municipal
4212205,SC,PAPANDUVA,municipal
4212239,SC,PARAISO,municipal
4212254,SC,PASSO DE TORRES,municipal
4212270,SC,PASSOS MAIA,municipal
4212304,SC,PAULO LOPES,municipal
4212403,SC,PEDRAS GRANDES,municipal
4212502,SC,PENHA,municipal
4212601,SC,PERITIBA,municipal
4212650,SC,PESCARIA BRAVA,municipal
4212700,SC,PETROLANDIA,municipal
4212809,SC,BALNEARIO PICARRAS,municipal
4212908,SC,PINHALZINHO,municipal
4213005,SC,PINHEIRO PRETO,municipal
4213104,SC,PIRATUBA,municipal
4213153,SC,PLANALTO ALEGRE,municipal
4213203,SC,POMERODE,municipal
4213302,SC,PONTE ALTA,municipal
4213351,SC,PONTE ALTA DO NORTE,municipal
4213401,SC,PONTE SERRADA,municipal
4213500,SC,PORTO BELO,municipal
4213609,SC,PORTO UNIAO,municipal
4213708,SC,POUSO REDONDO,municipal
4213807,SC,PRAIA GRANDE,municipal
4213906,SC,PRESIDENTE CASTELLO BRANCO,municipal
4214003,SC,PRESIDENTE GETULIO,municipal
4214102,SC,PRESIDENTE NEREU,municipal
4214151,SC,PRINCESA,municipal
4214201,SC,QUILOMBO,municipal
4214300,SC,RANCHO QUEIMADO,municipal
4214409,SC,RIO DAS ANTAS,municipal
4214508,SC,RIO DO CAMPO,municipal
4214607,SC,RIO DO OESTE,municipal
4214706,SC,RIO DOS CEDROS,municipal
4214805,SC,RIO DO SUL,municipal
4214904,SC,RIO FORTUNA,municipal
4215000,SC,RIO NEGRINHO,municipal
4215059,SC,RIO RUFINO,municipal
4215075,SC,RIQUEZA,municipal
4215109,SC,RODEIO,municipal
4215208,SC,ROMELANDIA,municipal
4215307,SC,SALETE,municipal
4215356,SC,SALTINHO,municipal
4215406,SC,SALTO VELOSO,municipal
4215455,SC,SANGAO,municipal
4215505,SC,SANTA CECILIA,municipal
4215554,SC,SANTA HELENA,municipal
4215604,SC,SANTA ROSA DE LIMA,municipal
4215653,SC,SANTA ROSA DO SUL,municipal
4215679,SC,SANTA TEREZINHA,municipal
4215687,SC,SANTA TEREZINHA DO PROGRESSO,municipal
4215695,SC,SANTIAGO DO SUL,municipal
4215703,SC,SANTO AMARO DA IMPERATRIZ,municipal
4215752,SC,SAO BERNARDINO,municipal
4215802,SC,SAO BENTO DO SUL,municipal
4215901,SC,SAO BONIFACIO,municipal
4216008,SC,SAO CARLOS,municipal
4216057,SC,SAO CRISTOVAO DO SUL,municipal
4216107,SC,SAO DOMINGOS,municipal
4216206,SC,SAO FRANCISCO DO SUL,municipal
4216255,SC,SAO JOAO DO OESTE,municipal
4216305,SC,SAO JOAO BATISTA,municipal
4216354,SC,SAO JOAO DO ITAPERIU,municipal
4216404,SC,SAO JOAO DO SUL,municipal
4216503,SC,SAO JOAQUIM,municipal
4216602,SC,SAO JOSE,municipal
4216701,SC,SAO JOSE DO CEDRO,municipal
4216800,SC,SAO JOSE DO CERRITO,municipal
4216909,SC,SAO LOURENCO DO OESTE,municipal
4217006,SC,SAO LUDGERO,municipal
4217105,SC,SAO MARTINHO,municipal
4217154,SC,SAO MIGUEL DA BOA VISTA,municipal
4217204,SC,SAO MIGUEL DO OESTE,municipal
4217253,SC,SAO PEDRO DE ALCANTARA,municipal
4217303,SC,SAUDADES,municipal
4217402,SC,SCHROEDER,municipal
4217501,SC,SEARA,municipal
4217550,SC,SERRA ALTA,municipal
4217600,SC,SIDEROPOLIS,municipal
4217709,SC,SOMBRIO,municipal
4217758,SC,SUL BRASIL,municipal
4217808,SC,TAIO,municipal
4217907,SC,TANGARA,municipal
4217956,SC,TIGRINHOS,municipal
4218004,SC,TIJUCAS,municipal
4218103,SC,TIMBE DO SUL,municipal
4218202,SC,TIMBO,municipal
4218251,SC,TIMBO GRANDE,municipal
4218301,SC,TRES BARRAS,municipal
4218350,SC,TREVISO,municipal
4218400,SC,TREZE DE MAIO,municipal
4218509,SC,TREZE TILIAS,municipal
4218608,SC,TROMBUDO CENTRAL,municipal
4218707,SC,TUBARAO,municipal
4218756,SC,TUNAPOLIS,municipal
4218806,SC,TURVO,municipal
4218855,SC,UNIAO DO OESTE,municipal
4218905,SC,URUBICI,municipal
4218954,SC,URUPEMA,municipal
4219002,SC,URUSSANGA,municipal
4219101,SC,VARGEAO,municipal
4219150,SC,VARGEM,municipal
4219176,SC,VARGEM BONITA,municipal
4219200,SC,VIDAL RAMOS,municipal
4219309,SC,VIDEIRA,municipal
4219358,SC,VITOR MEIRELES,municipal
4219408,SC,WITMARSUM,municipal
4219507,SC,XANXERE,municipal
4219606,SC,XAVANTINA,municipal
4219705,SC,XAXIM,municipal
4219853,SC,ZORTEA,municipal
4220000,SC,BALNEARIO RINCAO,municipal
4300034,RS,ACEGUA,municipal
4300059,RS,AGUA SANTA,municipal
4300109,RS,AGUDO,municipal
4300208,RS,AJURICABA,municipal
4300307,RS,ALECRIM,municipal
4300406,RS,ALEGRETE,municipal
4300455,RS,ALEGRIA,municipal
4300471,RS,ALMIRANTE TAMANDARE DO SUL,municipal
4300505,RS,ALPESTRE,municipal
4300554,RS,ALTO ALEGRE,municipal
4300570,RS,ALTO FELIZ,municipal
4300604,RS,ALVORADA,municipal
4300638,RS,AMARAL FERRADOR,municipal
4300646,RS,AMETISTA DO SUL,municipal
4300661,RS,ANDRE DA ROCHA,municipal
4300703,RS,ANTA GORDA,municipal
4300802,RS,ANTONIO PRADO,municipal
4300851,RS,ARAMBARE,municipal
4300877,RS,ARARICA,municipal
4300901,RS,ARATIBA,municipal
4301008,RS,ARROIO DO MEIO,municipal
4301057,RS,ARROIO DO SAL,municipal
4301073,RS,ARROIO DO PADRE,municipal
4301107,RS,ARROIO DOS RATOS,municipal
4301206,RS,ARROIO DO TIGRE,municipal
4301305,RS,ARROIO GRANDE,municipal
4301404,RS,ARVOREZINHA,municipal
4301503,RS,AUGUSTO PESTANA,municipal
4301552,RS,AUREA,municipal
4301602,RS,BAGE,municipal
4301636,RS,BALNEARIO PINHAL,municipal
4301651,RS,BARAO,municipal
4301701,RS,BARAO DE COTEGIPE,municipal
4301750,RS,BARAO DO TRIUNFO,municipal
4301800,RS,BARRACAO,municipal
4301859,RS,BARRA DO GUARITA,municipal
4301875,RS,BARRA DO QUARAI,municipal
4301909,RS,BARRA DO RIBEIRO,municipal
4301925,RS,BARRA DO RIO AZUL,municipal
4301958,RS,BARRA FUNDA,municipal
4302006,RS,BARROS CASSAL,municipal
4302055,RS,BENJAMIN CONSTANT DO SUL,municipal
4302105,RS,BENTO GONCALVES,municipal
4302154,RS,BOA VISTA DAS MISSOES,municipal
4302204,RS,BOA VISTA DO BURICA,municipal
4302220,RS,BOA VISTA DO CADEADO,municipal
4302238,RS,BOA VISTA DO INCRA,municipal
4302253,RS,BOA VISTA DO SUL,municipal
4302303,RS,BOM JESUS,municipal
4302352,RS,BOM PRINCIPIO,municipal
4302378,RS,BOM PROGRESSO,municipal
4302402,RS,BOM RETIRO DO SUL,municipal
4302451,RS,BOQUEIRAO DO LEAO,municipal
4302501,RS,BOSSOROCA,municipal
4302584,RS,BOZANO,municipal
4302600,RS,BRAGA,municipal
4302659,RS,BROCHIER,municipal
4302709,RS,BUTIA,municipal
4302808,RS,CACAPAVA DO SUL,municipal
4302907,RS,CACEQUI,municipal
4303004,RS,CACHOEIRA DO SUL,municipal
4303103,RS,CACHOEIRINHA,municipal
4303202,RS,CACIQUE DOBLE,municipal
4303301,RS,CAIBATE,municipal
4303400,RS,CAICARA,municipal
4303509,RS,CAMAQUA,municipal
4303558,RS,CAMARGO,municipal
4303608,RS,CAMBARA DO SUL,municipal
4303673,RS,CAMPESTRE DA SERRA,municipal
4303707,RS,CAMPINA DAS MISSOES,municipal
4303806,RS,CAMPINAS DO SUL,municipal
4303905,RS,CAMPO BOM,municipal
4304002,RS,CAMPO NOVO,municipal
4304101,RS,CAMPOS BORGES,municipal
4304200,RS,CANDELARIA,municipal
4304309,RS,CANDIDO GODOI,municipal
4304358,RS,CANDIOTA,municipal
4304408,RS,CANELA,municipal
4304507,RS,CANGUCU,municipal
4304606,RS,CANOAS,municipal
4304614,RS,CANUDOS DO VALE,municipal
4304622,RS,CAPAO BONITO DO SUL,municipal
4304630,RS,CAPAO DA CANOA,municipal
4304655,RS,CAPAO DO CIPO,municipal
4304663,RS,CAPAO DO LEAO,municipal
4304671,RS,CAPIVARI DO SUL,municipal
4304689,RS,CAPELA DE SANTANA,municipal
4304697,RS,CAPITAO,municipal
4304705,RS,CARAZINHO,municipal
4304713,RS,CARAA,municipal
4304804,RS,CARLOS BARBOSA,municipal
4304853,RS,CARLOS GOMES,municipal
4304903,RS,CASCA,municipal
4304952,RS,CASEIROS,municipal
4305009,RS,CATUIPE,municipal
4305108,RS,CAXIAS DO SUL,municipal
4305116,RS,CENTENARIO,municipal
4305124,RS,CERRITO,municipal
4305132,RS,CERRO BRANCO,municipal
4305157,RS,CERRO GRANDE,municipal
4305173,RS,CERRO GRANDE DO SUL,municipal
4305207,RS,CERRO LARGO,municipal
4305306,RS,CHAPADA,municipal
4305355,RS,CHARQUEADAS,municipal
4305371,RS,CHARRUA,municipal
4305405,RS,CHIAPETTA,municipal
4305439,RS,CHUI,municipal
4305447,RS,CHUVISCA,municipal
4305454,RS,CIDREIRA,municipal
4305504,RS,CIRIACO,municipal
4305587,RS,COLINAS,municipal
4305603,RS,COLORADO,municipal
4305702,RS,CONDOR,municipal
4305801,RS,CONSTANTINA,municipal
4305835,RS,COQUEIRO BAIXO,municipal
4305850,RS,COQUEIROS DO SUL,municipal
4305871,RS,CORONEL BARROS,municipal
4305900,RS,CORONEL BICACO,municipal
4305934,RS,CORONEL PILAR,municipal
4305959,RS,COTIPORA,municipal
4305975,RS,COXILHA,municipal
4306007,RS,CRISSIUMAL,municipal
4306056,RS,CRISTAL,municipal
4306072,RS,CRISTAL DO SUL,municipal
4306106,RS,CRUZ ALTA,municipal
4306130,RS,CRUZALTENSE,municipal
4306205,RS,CRUZEIRO DO SUL,municipal
4306304,RS,DAVID CANABARRO,municipal
4306320,RS,DERRUBADAS,municipal
4306353,RS,DEZESSEIS DE NOVEMBRO,municipal
4306379,RS,DILERMANDO DE AGUIAR,municipal
4306403,RS,DOIS IRMAOS,municipal
4306429,RS,DOIS IRMAOS DAS MISSOES,municipal
4306452,RS,DOIS LAJEADOS,municipal
4306502,RS,DOM FELICIANO,municipal
4306551,RS,DOM PEDRO DE ALCANTARA,municipal
4306601,RS,DOM PEDRITO,municipal
4306700,RS,DONA FRANCISCA,municipal
4306734,RS,DOUTOR MAURICIO CARDOSO,municipal
4306759,RS,DOUTOR RICARDO,municipal
4306767,RS,ELDORADO DO SUL,municipal
4306809,RS,ENCANTADO,municipal
4306908,RS,ENCRUZILHADA DO SUL,municipal
4306924,RS,ENGENHO VELHO,municipal
4306932,RS,ENTRE-IJUIS,municipal
4306957,RS,ENTRE RIOS DO SUL,municipal
4306973,RS,EREBANGO,municipal
4307005,RS,ERECHIM,municipal
4307054,RS,ERNESTINA,municipal
4307104,RS,HERVAL,municipal
4307203,RS,ERVAL GRANDE,municipal
4307302,RS,ERVAL SECO,municipal
4307401,RS,ESMERALDA,municipal
4307450,RS,ESPERANCA DO SUL,municipal
4307500,RS,ESPUMOSO,municipal
4307559,RS,ESTACAO,municipal
4307609,RS,ESTANCIA VELHA,municipal
4307708,RS,ESTEIO,municipal
4307807,RS,ESTRELA,municipal
4307815,RS,ESTRELA VELHA,municipal
4307831,RS,EUGENIO DE CASTRO,municipal
4307864,RS,FAGUNDES VARELA,municipal
4307906,RS,FARROUPILHA,municipal
4308003,RS,FAXINAL DO SOTURNO,municipal
4308052,RS,FAXINALZINHO,municipal
4308078,RS,FAZENDA VILANOVA,municipal
4308102,RS,FELIZ,municipal
4308201,RS,FLORES DA CUNHA,municipal
4308250,RS,FLORIANO PEIXOTO,municipal
4308300,RS,FONTOURA XAVIER,municipal
4308409,RS,FORMIGUEIRO,municipal
4308433,RS,FORQUETINHA,municipal
4308458,RS,FORTALEZA DOS VALOS,municipal
4308508,RS,FREDERICO WESTPHALEN,municipal
4308607,RS,GARIBALDI,municipal
4308656,RS,GARRUCHOS,municipal
4308706,RS,GAURAMA,municipal
4308805,RS,GENERAL CAMARA,municipal
4308854,RS,GENTIL,municipal
4308904,RS,GETULIO VARGAS,municipal
4309001,RS,GIRUA,municipal
4309050,RS,GLORINHA,municipal
4309100,RS,GRAMADO,municipal
4309126,RS,GRAMADO DOS LOUREIROS,municipal
4309159,RS,GRAMADO XAVIER,municipal
4309209,RS,GRAVATAI,municipal
4309258,RS,GUABIJU,municipal
4309308,RS,GUAIBA,municipal
4309407,RS,GUAPORE,municipal
4309506,RS,GUARANI DAS MISSOES,municipal
4309555,RS,HARMONIA,municipal
4309571,RS,HERVEIRAS,municipal
4309605,RS,HORIZONTINA,municipal
4309654,RS,HULHA NEGRA,municipal
4309704,RS,HUMAITA,municipal
4309753,RS,IBARAMA,municipal
4309803,RS,IBIACA,municipal
4309902,RS,IBIRAIARAS,municipal
4309951,RS,IBIRAPUITA,municipal
4310009,RS,IBIRUBA,municipal
4310108,RS,IGREJINHA,municipal
4310207,RS,IJUI,municipal
4310306,RS,ILOPOLIS,municipal
4310330,RS,IMBE,municipal
4310363,RS,IMIGRANTE,municipal
4310405,RS,INDEPENDENCIA,municipal
4310413,RS,INHACORA,municipal
4310439,RS,IPE,municipal
4310462,RS,IPIRANGA DO SUL,municipal
4310504,RS,IRAI,municipal
4310538,RS,ITAARA,municipal
4310553,RS,ITACURUBI,municipal
4310579,RS,ITAPUCA,municipal
4310603,RS,ITAQUI,municipal
4310652,RS,ITATI,municipal
4310702,RS,ITATIBA DO SUL,municipal
4310751,RS,IVORA,municipal
4310801,RS,IVOTI,municipal
4310850,RS,JABOTICABA,municipal
4310876,RS,JACUIZINHO,municipal
4310900,RS,JACUTINGA,municipal
4311007,RS,JAGUARAO,municipal
4311106,RS,JAGUARI,municipal
4311122,RS,JAQUIRANA,municipal
4311130,RS,JARI,municipal
4311155,RS,JOIA,municipal
4311205,RS,JULIO DE CASTILHOS,municipal
4311239,RS,LAGOA BONITA DO SUL,municipal
4311254,RS,LAGOAO,municipal
4311270,RS,LAGOA DOS TRES CANTOS,municipal
4311304,RS,LAGOA VERMELHA,municipal
4311403,RS,LAJEADO,municipal
4311429,RS,LAJEADO DO BUGRE,municipal
4311502,RS,LAVRAS DO SUL,municipal
4311601,RS,LIBERATO SALZANO,municipal
4311627,RS,LINDOLFO COLLOR,municipal
4311643,RS,LINHA NOVA,municipal
4311700,RS,MACHADINHO,municipal
4311718,RS,MACAMBARA,municipal
4311734,RS,MAMPITUBA,municipal
4311759,RS,MANOEL VIANA,municipal
4311775,RS,MAQUINE,municipal
4311791,RS,MARATA,municipal
4311809,RS,MARAU,municipal
4311908,RS,MARCELINO RAMOS,municipal
4311981,RS,MARIANA PIMENTEL,municipal
4312005,RS,MARIANO MORO,municipal
4312054,RS,MARQUES DE SOUZA,municipal
4312104,RS,MATA,municipal
4312138,RS,MATO CASTELHANO,municipal
4312153,RS,MATO LEITAO,municipal
4312179,RS,MATO QUEIMADO,municipal
4312203,RS,MAXIMILIANO DE ALMEIDA,municipal
4312252,RS,MINAS DO LEAO,municipal
4312302,RS,MIRAGUAI,municipal
4312351,RS,MONTAURI,municipal
4312377,RS,MONTE ALEGRE DOS CAMPOS,municipal
4312385,RS,MONTE BELO DO SUL,municipal
4312401,RS,MONTENEGRO,municipal
4312427,RS,MORMACO,municipal
4312443,RS,MORRINHOS DO SUL,municipal
4312450,RS,MORRO REDONDO,municipal
4312476,RS,MORRO REUTER,municipal
4312500,RS,MOSTARDAS,municipal
4312609,RS,MUCUM,municipal
4312617,RS,MUITOS CAPOES,municipal
4312625,RS,MULITERNO,municipal
4312658,RS,NAO-ME-TOQUE,municipal
4312674,RS,NICOLAU VERGUEIRO,municipal
4312708,RS,NONOAI,municipal
4312757,RS,NOVA ALVORADA,municipal
4312807,RS,NOVA ARACA,municipal
4312906,RS,NOVA BASSANO,municipal
4312955,RS,NOVA BOA VISTA,municipal
4313003,RS,NOVA BRESCIA,municipal
4313011,RS,NOVA CANDELARIA,municipal
4313037,RS,NOVA ESPERANCA DO SUL,municipal
4313060,RS,NOVA HARTZ,municipal
4313086,RS,NOVA PADUA,municipal
4313102,RS,NOVA PALMA,municipal
4313201,RS,NOVA PETROPOLIS,municipal
4313300,RS,NOVA PRATA,municipal
4313334,RS,NOVA RAMADA,municipal
4313359,RS,NOVA ROMA DO SUL,municipal
4313375,RS,NOVA SANTA RITA,municipal
4313391,RS,NOVO CABRAIS,municipal
4313409,RS,NOVO HAMBURGO,municipal
4313425,RS,NOVO MACHADO,municipal
4313441,RS,NOVO TIRADENTES,municipal
4313466,RS,NOVO XINGU,municipal
4313490,RS,NOVO BARREIRO,municipal
4313508,RS,OSORIO,municipal
4313607,RS,PAIM FILHO,municipal
4313656,RS,PALMARES DO SUL,municipal
4313706,RS,PALMEIRA DAS MISSOES,municipal
4313805,RS,PALMITINHO,municipal
4313904,RS,PANAMBI,municipal
4313953,RS,PANTANO GRANDE,municipal
4314001,RS,PARAI,municipal
4314027,RS,PARAISO DO SUL,municipal
4314035,RS,PARECI NOVO,municipal
4314050,RS,PAROBE,municipal
4314068,RS,PASSA SETE,municipal
4314076,RS,PASSO DO SOBRADO,municipal
4314100,RS,PASSO FUNDO,municipal
4314134,RS,PAULO BENTO,municipal
4314159,RS,PAVERAMA,municipal
4314175,RS,PEDRAS ALTAS,municipal
4314209,RS,PEDRO OSORIO,municipal
4314308,RS,PEJUCARA,municipal
4314407,RS,PELOTAS,municipal
4314423,RS,PICADA CAFE,municipal
4314456,RS,PINHAL,municipal
4314464,RS,PINHAL DA SERRA,municipal
4314472,RS,PINHAL GRANDE,municipal
4314498,RS,PINHEIRINHO DO VALE,municipal
4314506,RS,PINHEIRO MACHADO,municipal
4314548,RS,PINTO BANDEIRA,municipal
4314555,RS,PIRAPO,municipal
4314605,RS,PIRATINI,municipal
4314704,RS,PLANALTO,municipal
4314753,RS,POCO DAS ANTAS,municipal
4314779,RS,PONTAO,municipal
4314787,RS,PONTE PRETA,municipal
4314803,RS,PORTAO,municipal
4314902,RS,PORTO ALEGRE,municipal
4315008,RS,PORTO LUCENA,municipal
4315057,RS,PORTO MAUA,municipal
4315073,RS,PORTO VERA CRUZ,municipal
4315107,RS,PORTO XAVIER,municipal
4315131,RS,POUSO NOVO,municipal
4315149,RS,PRESIDENTE LUCENA,municipal
4315156,RS,PROGRESSO,municipal
4315172,RS,PROTASIO ALVES,municipal
4315206,RS,PUTINGA,municipal
4315305,RS,QUARAI,municipal
4315313,RS,QUATRO IRMAOS,municipal
4315321,RS,QUEVEDOS,municipal
4315354,RS,QUINZE DE NOVEMBRO,municipal
4315404,RS,REDENTORA,municipal
4315453,RS,RELVADO,municipal
4315503,RS,RESTINGA SECA,municipal
4315552,RS,RIO DOS INDIOS,municipal
4315602,RS,RIO GRANDE,municipal
4315701,RS,RIO PARDO,municipal
4315750,RS,RIOZINHO,municipal
4315800,RS,ROCA SALES,municipal
4315909,RS,RODEIO BONITO,municipal
4315958,RS,ROLADOR,municipal
4316006,RS,ROLANTE,municipal
4316105,RS,RONDA ALTA,municipal
4316204,RS,RONDINHA,municipal
4316303,RS,ROQUE GONZALES,municipal
4316402,RS,ROSARIO DO SUL,municipal
4316428,RS,SAGRADA FAMILIA,municipal
4316436,RS,SALDANHA MARINHO,municipal
4316451,RS,SALTO DO JACUI,municipal
4316477,RS,SALVADOR DAS MISSOES,municipal
4316501,RS,SALVADOR DO SUL,municipal
4316600,RS,SANANDUVA,municipal
4316709,RS,SANTA BARBARA DO SUL,municipal
4316733,RS,SANTA CECILIA DO SUL,municipal
4316758,RS,SANTA CLARA DO SUL,municipal
4316808,RS,SANTA CRUZ DO SUL,municipal
4316907,RS,SANTA MARIA,municipal
4316956,RS,SANTA MARIA DO HERVAL,municipal
4316972,RS,SANTA MARGARIDA DO SUL,municipal
4317004,RS,SANTANA DA BOA VISTA,municipal
4317103,RS,SANTANA DO LIVRAMENTO,municipal
4317202,RS,SANTA ROSA,municipal
4317251,RS,SANTA TEREZA,municipal
4317301,RS,SANTA VITORIA DO PALMAR,municipal
4317400,RS,SANTIAGO,municipal
4317509,RS,SANTO ANGELO,municipal
4317558,RS,SANTO ANTONIO DO PALMA,municipal
4317608,RS,SANTO ANTONIO DA PATRULHA,municipal
4317707,RS,SANTO ANTONIO DAS MISSOES,municipal
4317756,RS,SANTO ANTONIO DO PLANALTO,municipal
4317806,RS,SANTO AUGUSTO,municipal
4317905,RS,SANTO CRISTO,municipal
4317954,RS,SANTO EXPEDITO DO SUL,municipal
4318002,RS,SAO BORJA,municipal
4318051,RS,SAO DOMINGOS DO SUL,municipal
4318101,RS,SAO FRANCISCO DE ASSIS,municipal
4318200,RS,SAO FRANCISCO DE PAULA,municipal
4318309,RS,SAO GABRIEL,municipal
4318408,RS,SAO JERONIMO,municipal
4318424,RS,SAO JOAO DA URTIGA,municipal
4318432,RS,SAO JOAO DO POLESINE,municipal
4318440,RS,SAO JORGE,municipal
4318457,RS,SAO JOSE DAS MISSOES,municipal
4318465,RS,SAO JOSE DO HERVAL,municipal
4318481,RS,SAO JOSE DO HORTENCIO,municipal
4318499,RS,SAO JOSE DO INHACORA,municipal
4318507,RS,SAO JOSE DO NORTE,municipal
4318606,RS,SAO JOSE DO OURO,municipal
4318614,RS,SAO JOSE DO SUL,municipal
4318622,RS,SAO JOSE DOS AUSENTES,municipal
4318705,RS,SAO LEOPOLDO,municipal
4318804,RS,SAO LOURENCO DO SUL,municipal
4318903,RS,SAO LUIZ GONZAGA,municipal
4319000,RS,SAO MARCOS,municipal
4319109,RS,SAO MARTINHO,municipal
4319125,RS,SAO MARTINHO DA SERRA,municipal
4319158,RS,SAO MIGUEL DAS MISSOES,municipal
4319208,RS,SAO NICOLAU,municipal
4319307,RS,SAO PAULO DAS MISSOES,municipal
4319356,RS,SAO PEDRO DA SERRA,municipal
4319364,RS,SAO PEDRO DAS MISSOES,municipal
4319372,RS,SAO PEDRO DO BUTIA,municipal
4319406,RS,SAO PEDRO DO SUL,municipal
4319505,RS,SAO SEBASTIAO DO CAI,municipal
4319604,RS,SAO SEPE,municipal
4319703,RS,SAO VALENTIM,municipal
4319711,RS,SAO VALENTIM DO SUL,municipal
4319737,RS,SAO VALERIO DO SUL,municipal
4319752,RS,SAO VENDELINO,municipal
4319802,RS,SAO VICENTE DO SUL,municipal
4319901,RS,SAPIRANGA,municipal
4320008,RS,SAPUCAIA DO SUL,municipal
4320107,RS,SARANDI,municipal
4320206,RS,SEBERI,municipal
4320230,RS,SEDE NOVA,municipal
4320263,RS,SEGREDO,municipal
4320305,RS,SELBACH,municipal
4320321,RS,SENADOR SALGADO FILHO,municipal
4320354,RS,SENTINELA DO SUL,municipal
4320404,RS,SERAFINA CORREA,municipal
4320453,RS,SERIO,municipal
4320503,RS,SERTAO,municipal
4320552,RS,SERTAO SANTANA,municipal
4320578,RS,SETE DE SETEMBRO,municipal
4320602,RS,SEVERIANO DE ALMEIDA,municipal
4320651,RS,SILVEIRA MARTINS,municipal
4320677,RS,SINIMBU,municipal
4320701,RS,SOBRADINHO,municipal
4320800,RS,SOLEDADE,municipal
4320859,RS,TABAI,municipal
4320909,RS,TAPEJARA,municipal
4321006,RS,TAPERA,municipal
4321105,RS,TAPES,municipal
4321204,RS,TAQUARA,municipal
4321303,RS,TAQUARI,municipal
4321329,RS,TAQUARUCU DO SUL,municipal
4321352,RS,TAVARES,municipal
4321402,RS,TENENTE PORTELA,municipal
4321436,RS,TERRA DE AREIA,municipal
4321451,RS,TEUTONIA,municipal
4321469,RS,TIO HUGO,municipal
4321477,RS,TIRADENTES DO SUL,municipal
4321493,RS,TOROPI,municipal
4321501,RS,TORRES,municipal
4321600,RS,TRAMANDAI,municipal
4321626,RS,TRAVESSEIRO,municipal
4321634,RS,TRES ARROIOS,municipal
4321667,RS,TRES CACHOEIRAS,municipal
4321709,RS,TRES COROAS,municipal
4321808,RS,TRES DE MAIO,municipal
4321832,RS,TRES FORQUILHAS,municipal
4321857,RS,TRES PALMEIRAS,municipal
4321907,RS,TRES PASSOS,municipal
4321956,RS,TRINDADE DO SUL,municipal
4322004,RS,TRIUNFO,municipal
4322103,RS,TUCUNDUVA,municipal
4322152,RS,TUNAS,municipal
4322186,RS,TUPANCI DO SUL,municipal
4322202,RS,TUPANCIRETA,municipal
4322251,RS,TUPANDI,municipal
4322301,RS,TUPARENDI,municipal
4322327,RS,TURUCU,municipal
4322343,RS,UBIRETAMA,municipal
4322350,RS,UNIAO DA SERRA,municipal
4322376,RS,UNISTALDA,municipal
4322400,RS,URUGUAIANA,municipal
4322509,RS,VACARIA,municipal
4322525,RS,VALE VERDE,municipal
4322533,RS,VALE DO SOL,municipal
4322541,RS,VALE REAL,municipal
4322558,RS,VANINI,municipal
4322608,RS,VENANCIO AIRES,municipal
4322707,RS,VERA CRUZ,municipal
4322806,RS,VERANOPOLIS,municipal
4322855,RS,VESPASIANO CORREA,municipal
4322905,RS,VIADUTOS,municipal
4323002,RS,VIAMAO,municipal
4323101,RS,VICENTE DUTRA,municipal
4323200,RS,VICTOR GRAEFF,municipal
4323309,RS,VILA FLORES,municipal
4323358,RS,VILA LANGARO,municipal
4323408,RS,VILA MARIA,municipal
4323457,RS,VILA NOVA DO SUL,municipal
4323507,RS,VISTA ALEGRE,municipal
4323606,RS,VISTA ALEGRE DO PRATA,municipal
4323705,RS,VISTA GAUCHA,municipal
4323754,RS,VITORIA DAS MISSOES,municipal
4323770,RS,WESTFALIA,municipal
4323804,RS,XANGRI-LA,municipal
5000203,MS,AGUA CLARA,municipal
5000252,MS,ALCINOPOLIS,municipal
5000609,MS,AMAMBAI,municipal
5000708,MS,ANASTACIO,municipal
5000807,MS,ANAURILANDIA,municipal
5000856,MS,ANGELICA,municipal
5000906,MS,ANTONIO JOAO,municipal
5001003,MS,APARECIDA DO TABOADO,municipal
5001102,MS,AQUIDAUANA,municipal
5001243,MS,ARAL MOREIRA,municipal
5001508,MS,BANDEIRANTES,municipal
5001904,MS,BATAGUASSU,municipal
5002001,MS,BATAYPORA,municipal
5002100,MS,BELA VISTA,municipal
5002159,MS,BODOQUENA,municipal
5002209,MS,BONITO,municipal
5002308,MS,BRASILANDIA,municipal
5002407,MS,CAARAPO,municipal
5002605,MS,CAMAPUA,municipal
5002704,MS,CAMPO GRANDE,municipal
5002803,MS,CARACOL,municipal
5002902,MS,CASSILANDIA,municipal
5002951,MS,CHAPADAO DO SUL,municipal
5003108,MS,CORGUINHO,municipal
5003157,MS,CORONEL SAPUCAIA,municipal
5003207,MS,CORUMBA,municipal
5003256,MS,COSTA RICA,municipal
5003306,MS,COXIM,municipal
5003454,MS,DEODAPOLIS,municipal
5003488,MS,DOIS IRMAOS DO BURITI,municipal
5003504,MS,DOURADINA,municipal
5003702,MS,DOURADOS,municipal
5003751,MS,ELDORADO,municipal
5003801,MS,FATIMA DO SUL,municipal
5003900,MS,FIGUEIRAO,municipal
5004007,MS,GLORIA DE DOURADOS,municipal
5004106,MS,GUIA LOPES DA LAGUNA,municipal
5004304,MS,IGUATEMI,municipal
5004403,MS,INOCENCIA,municipal
5004502,MS,ITAPORA,municipal
5004601,MS,ITAQUIRAI,municipal
5004700,MS,IVINHEMA,municipal
5004809,MS,JAPORA,municipal
5004908,MS,JARAGUARI,municipal
5005004,MS,JARDIM,municipal
5005103,MS,JATEI,municipal
5005152,MS,JUTI,municipal
5005202,MS,LADARIO,municipal
5005251,MS,LAGUNA CARAPA,municipal
5005400,MS,MARACAJU,municipal
5005608,MS,MIRANDA,municipal
5005681,MS,MUNDO NOVO,municipal
5005707,MS,NAVIRAI,municipal
5005806,MS,NIOAQUE,municipal
5006002,MS,NOVA ALVORADA DO SUL,municipal
5006200,MS,NOVA ANDRADINA,municipal
5006259,MS,NOVO HORIZONTE DO SUL,municipal
5006275,MS,PARAISO DAS AGUAS,municipal
5006309,MS,PARANAIBA,municipal
5006358,MS,PARANHOS,municipal
5006408,MS,PEDRO GOMES,municipal
5006606,MS,PONTA PORA,municipal
5006903,MS,PORTO MURTINHO,municipal
5007109,MS,RIBAS DO RIO PARDO,municipal
5007208,MS,RIO BRILHANTE,municipal
5007307,MS,RIO NEGRO,municipal
5007406,MS,RIO VERDE DE MATO GROSSO,municipal
5007505,MS,ROCHEDO,municipal
5007554,MS,SANTA RITA DO PARDO,municipal
5007695,MS,SAO GABRIEL DO OESTE,municipal
5007703,MS,SETE QUEDAS,municipal
5007802,MS,SELVIRIA,municipal
5007901,MS,SIDROLANDIA,municipal
5007935,MS,SONORA,municipal
5007950,MS,TACURU,municipal
5007976,MS,TAQUARUSSU,municipal
5008008,MS,TERENOS,municipal
5008305,MS,TRES LAGOAS,municipal
5008404,MS,VICENTINA,municipal
5100102,MT,ACORIZAL,municipal
5100201,MT,AGUA BOA,municipal
5100250,MT,ALTA FLORESTA,municipal
5100300,MT,ALTO ARAGUAIA,municipal
5100359,MT,ALTO BOA VISTA,municipal
5100409,MT,ALTO GARCAS,municipal
5100508,MT,ALTO PARAGUAI,municipal
5100607,MT,ALTO TAQUARI,municipal
5100805,MT,APIACAS,municipal
5101001,MT,ARAGUAIANA,municipal
5101209,MT,ARAGUAINHA,municipal
5101258,MT,ARAPUTANGA,municipal
5101308,MT,ARENAPOLIS,municipal
5101407,MT,ARIPUANA,municipal
5101605,MT,BARAO DE MELGACO,municipal
5101704,MT,BARRA DO BUGRES,municipal
5101803,MT,BARRA DO GARCAS,municipal
5101852,MT,BOM JESUS DO ARAGUAIA,municipal
5101902,MT,BRASNORTE,municipal
5102504,MT,CACERES,municipal
5102603,MT,CAMPINAPOLIS,municipal
5102637,MT,CAMPO NOVO DO PARECIS,municipal
5102678,MT,CAMPO VERDE,municipal
5102686,MT,CAMPOS DE JULIO,municipal
5102694,MT,CANABRAVA DO NORTE,municipal
5102702,MT,CANARANA,municipal
5102793,MT,CARLINDA,municipal
5102850,MT,CASTANHEIRA,municipal
5103007,MT,CHAPADA DOS GUIMARAES,municipal
5103056,MT,CLAUDIA,municipal
5103106,MT,COCALINHO,municipal
5103205,MT,COLIDER,municipal
5103254,MT,COLNIZA,municipal
5103304,MT,COMODORO,municipal
5103353,MT,CONFRESA,municipal
5103361,MT,CONQUISTA DOESTE,municipal
5103379,MT,COTRIGUACU,municipal
5103403,MT,CUIABA,municipal
5103437,MT,CURVELANDIA,municipal
5103452,MT,DENISE,municipal
5103502,MT,DIAMANTINO,municipal
5103601,MT,DOM AQUINO,municipal
5103700,MT,FELIZ NATAL,municipal
5103809,MT,FIGUEIROPOLIS DOESTE,municipal
5103858,MT,GAUCHA DO NORTE,municipal
5103908,MT,GENERAL CARNEIRO,municipal
5103957,MT,GLORIA DOESTE,municipal
5104104,MT,GUARANTA DO NORTE,municipal
5104203,MT,GUIRATINGA,municipal
5104500,MT,INDIAVAI,municipal
5104526,MT,IPIRANGA DO NORTE,municipal
5104542,MT,ITANHANGA,municipal
5104559,MT,ITAUBA,municipal
5104609,MT,ITIQUIRA,municipal
5104807,MT,JACIARA,municipal
5104906,MT,JANGADA,municipal
5105002,MT,JAURU,municipal
5105101,MT,JUARA,municipal
5105150,MT,JUINA,municipal
5105176,MT,JURUENA,municipal
5105200,MT,JUSCIMEIRA,municipal
5105234,MT,LAMBARI DOESTE,municipal
5105259,MT,LUCAS DO RIO VERDE,municipal
5105309,MT,LUCIARA,municipal
5105507,MT,VILA BELA DA SANTISSIMA TRINDADE,municipal
5105580,MT,MARCELANDIA,municipal
5105606,MT,MATUPA,municipal
5105622,MT,MIRASSOL DOESTE,municipal
5105903,MT,NOBRES,municipal
5106000,MT,NORTELANDIA,municipal
5106109,MT,NOSSA SENHORA DO LIVRAMENTO,municipal
5106158,MT,NOVA BANDEIRANTES,municipal
5106174,MT,NOVA NAZARE,municipal
5106182,MT,NOVA LACERDA,municipal
5106190,MT,NOVA SANTA HELENA,municipal
5106208,MT,NOVA BRASILANDIA,municipal
5106216,MT,NOVA CANAA DO NORTE,municipal
5106224,MT,NOVA MUTUM,municipal
5106232,MT,NOVA OLIMPIA,municipal
5106240,MT,NOVA UBIRATA,municipal
5106257,MT,NOVA XAVANTINA,municipal
5106265,MT,NOVO MUNDO,municipal
5106273,MT,NOVO HORIZONTE DO NORTE,municipal
5106281,MT,NOVO SAO JOAQUIM,municipal
5106299,MT,PARANAITA,municipal
5106307,MT,PARANATINGA,municipal
5106315,MT,NOVO SANTO ANTONIO,municipal
5106372,MT,PEDRA PRETA,municipal
5106422,MT,PEIXOTO DE AZEVEDO,municipal
5106455,MT,PLANALTO DA SERRA,municipal
5106505,MT,POCONE,municipal
5106653,MT,PONTAL DO ARAGUAIA,municipal
5106703,MT,PONTE BRANCA,municipal
5106752,MT,PONTES E LACERDA,municipal
5106778,MT,PORTO ALEGRE DO NORTE,municipal
5106802,MT,PORTO DOS GAUCHOS,municipal
5106828,MT,PORTO ESPERIDIAO,municipal
5106851,MT,PORTO ESTRELA,municipal
5107008,MT,POXOREU,municipal
5107040,MT,PRIMAVERA DO LESTE,municipal
5107065,MT,QUERENCIA,municipal
5107107,MT,SAO JOSE DOS QUATRO MARCOS,municipal
5107156,MT,RESERVA DO CABACAL,municipal
5107180,MT,RIBEIRAO CASCALHEIRA,municipal
5107198,MT,RIBEIRAOZINHO,municipal
5107206,MT,RIO BRANCO,municipal
5107248,MT,SANTA CARMEM,municipal
5107263,MT,SANTO AFONSO,municipal
5107297,MT,SAO JOSE DO POVO,municipal
5107305,MT,SAO JOSE DO RIO CLARO,municipal
5107354,MT,SAO JOSE DO XINGU,municipal
5107404,MT,SAO PEDRO DA CIPA,municipal
5107578,MT,RONDOLANDIA,municipal
5107602,MT,RONDONOPOLIS,municipal
5107701,MT,ROSARIO OESTE,municipal
5107743,MT,SANTA CRUZ DO XINGU,municipal
5107750,MT,SALTO DO CEU,municipal
5107768,MT,SANTA RITA DO TRIVELATO,municipal
5107776,MT,SANTA TEREZINHA,municipal
5107792,MT,SANTO ANTONIO DO LESTE,municipal
5107800,MT,SANTO ANTONIO DO LEVERGER,municipal
5107859,MT,SAO FELIX DO ARAGUAIA,municipal
5107875,MT,SAPEZAL,municipal
5107883,MT,SERRA NOVA DOURADA,municipal
5107909,MT,SINOP,municipal
5107925,MT,SORRISO,municipal
5107941,MT,TABAPORA,municipal
5107958,MT,TANGARA DA SERRA,municipal
5108006,MT,TAPURAH,municipal
5108055,MT,TERRA NOVA DO NORTE,municipal
5108105,MT,TESOURO,municipal
5108204,MT,TORIXOREU,municipal
5108303,MT,UNIAO DO SUL,municipal
5108352,MT,VALE DE SAO DOMINGOS,municipal
5108402,MT,VARZEA GRANDE,municipal
5108501,MT,VERA,municipal
5108600,MT,VILA RICA,municipal
5108808,MT,NOVA GUARITA,municipal
5108857,MT,NOVA MARILANDIA,municipal
5108907,MT,NOVA MARINGA,municipal
5108956,MT,NOVA MONTE VERDE,municipal
5200050,GO,ABADIA DE GOIAS,municipal
5200100,GO,ABADIANIA,municipal
5200134,GO,ACREUNA,municipal
5200159,GO,ADELANDIA,municipal
5200175,GO,AGUA FRIA DE GOIAS,municipal
5200209,GO,AGUA LIMPA,municipal
5200258,GO,AGUAS LINDAS DE GOIAS,municipal
5200308,GO,ALEXANIA,municipal
5200506,GO,ALOANDIA,municipal
5200555,GO,ALTO HORIZONTE,municipal
5200605,GO,ALTO PARAISO DE GOIAS,municipal
5200803,GO,ALVORADA DO NORTE,municipal
5200829,GO,AMARALINA,municipal
5200852,GO,AMERICANO DO BRASIL,municipal
5200902,GO,AMORINOPOLIS,municipal
5201108,GO,ANAPOLIS,municipal
5201207,GO,ANHANGUERA,municipal
5201306,GO,ANICUNS,municipal
5201405,GO,APARECIDA DE GOIANIA,municipal
5201454,GO,APARECIDA DO RIO DOCE,municipal
5201504,GO,APORE,municipal
5201603,GO,ARACU,municipal
5201702,GO,ARAGARCAS,municipal
5201801,GO,ARAGOIANIA,municipal
5202155,GO,ARAGUAPAZ,municipal
5202353,GO,ARENOPOLIS,municipal
5202502,GO,ARUANA,municipal
5202601,GO,AURILANDIA,municipal
5202809,GO,AVELINOPOLIS,municipal
5203104,GO,BALIZA,municipal
5203203,GO,BARRO ALTO,municipal
5203302,GO,BELA VISTA DE GOIAS,municipal
5203401,GO,BOM JARDIM DE GOIAS,municipal
5203500,GO,BOM JESUS DE GOIAS,municipal
5203559,GO,BONFINOPOLIS,municipal
5203575,GO,BONOPOLIS,municipal
5203609,GO,BRAZABRANTES,municipal
5203807,GO,BRITANIA,municipal
5203906,GO,BURITI ALEGRE,municipal
5203939,GO,BURITI DE GOIAS,municipal
5203962,GO,BURITINOPOLIS,municipal
5204003,GO,CABECEIRAS,municipal
5204102,GO,CACHOEIRA ALTA,municipal
5204201,GO,CACHOEIRA DE GOIAS,municipal
5204250,GO,CACHOEIRA DOURADA,municipal
5204300,GO,CACU,municipal
5204409,GO,CAIAPONIA,municipal
5204508,GO,CALDAS NOVAS,municipal
5204557,GO,CALDAZINHA,municipal
5204607,GO,CAMPESTRE DE GOIAS,municipal
5204656,GO,CAMPINACU,municipal
5204706,GO,CAMPINORTE,municipal
5204805,GO,CAMPO ALEGRE DE GOIAS,municipal
5204854,GO,CAMPO LIMPO DE GOIAS,municipal
5204904,GO,CAMPOS BELOS,municipal
5204953,GO,CAMPOS VERDES,municipal
5205000,GO,CARMO DO RIO VERDE,municipal
5205059,GO,CASTELANDIA,municipal
5205109,GO,CATALAO,municipal
5205208,GO,CATURAI,municipal
5205307,GO,CAVALCANTE,municipal
5205406,GO,CERES,municipal
5205455,GO,CEZARINA,municipal
5205471,GO,CHAPADAO DO CEU,municipal
5205497,GO,CIDADE OCIDENTAL,municipal
5205513,GO,COCALZINHO DE GOIAS,municipal
5205521,GO,COLINAS DO SUL,municipal
5205703,GO,CORREGO DO OURO,municipal
5205802,GO,CORUMBA DE GOIAS,municipal
5205901,GO,CORUMBAIBA,municipal
5206206,GO,CRISTALINA,municipal
5206305,GO,CRISTIANOPOLIS,municipal
5206404,GO,CRIXAS,municipal
5206503,GO,CROMINIA,municipal
5206602,GO,CUMARI,municipal
5206701,GO,DAMIANOPOLIS,municipal
5206800,GO,DAMOLANDIA,municipal
5206909,GO,DAVINOPOLIS,municipal
5207105,GO,DIORAMA,municipal
5207253,GO,DOVERLANDIA,municipal
5207352,GO,EDEALINA,municipal
5207402,GO,EDEIA,municipal
5207501,GO,ESTRELA DO NORTE,municipal
5207535,GO,FAINA,municipal
5207600,GO,FAZENDA NOVA,municipal
5207808,GO,FIRMINOPOLIS,municipal
5207907,GO,FLORES DE GOIAS,municipal
5208004,GO,FORMOSA,municipal
5208103,GO,FORMOSO,municipal
5208152,GO,GAMELEIRA DE GOIAS,municipal
5208301,GO,DIVINOPOLIS DE GOIAS,municipal
5208400,GO,GOIANAPOLIS,municipal
5208509,GO,GOIANDIRA,municipal
5208608,GO,GOIANESIA,municipal
5208707,GO,GOIANIA,municipal
5208806,GO,GOIANIRA,municipal
5208905,GO,GOIAS,municipal
5209101,GO,GOIATUBA,municipal
5209150,GO,GOUVELANDIA,municipal
5209200,GO,GUAPO,municipal
5209291,GO,GUARAITA,municipal
5209408,GO,GUARANI DE GOIAS,municipal
5209457,GO,GUARINOS,municipal
5209606,GO,HEITORAI,municipal
5209705,GO,HIDROLANDIA,municipal
5209804,GO,HIDROLINA,municipal
5209903,GO,IACIARA,municipal
5209937,GO,INACIOLANDIA,municipal
5209952,GO,INDIARA,municipal
5210000,GO,INHUMAS,municipal
5210109,GO,IPAMERI,municipal
5210158,GO,IPIRANGA DE GOIAS,municipal
5210208,GO,IPORA,municipal
5210307,GO,ISRAELANDIA,municipal
5210406,GO,ITABERAI,municipal
5210562,GO,ITAGUARI,municipal
5210604,GO,ITAGUARU,municipal
5210802,GO,ITAJA,municipal
5210901,GO,ITAPACI,municipal
5211008,GO,ITAPIRAPUA,municipal
5211206,GO,ITAPURANGA,municipal
5211305,GO,ITARUMA,municipal
5211404,GO,ITAUCU,municipal
5211503,GO,ITUMBIARA,municipal
5211602,GO,IVOLANDIA,municipal
5211701,GO,JANDAIA,municipal
5211800,GO,JARAGUA,municipal
5211909,GO,JATAI,municipal
5212006,GO,JAUPACI,municipal
5212055,GO,JESUPOLIS,municipal
5212105,GO,JOVIANIA,municipal
5212204,GO,JUSSARA,municipal
5212253,GO,LAGOA SANTA,municipal
5212303,GO,LEOPOLDO DE BULHOES,municipal
5212501,GO,LUZIANIA,municipal
5212600,GO,MAIRIPOTABA,municipal
5212709,GO,MAMBAI,municipal
5212808,GO,MARA ROSA,municipal
5212907,GO,MARZAGAO,municipal
5212956,GO,MATRINCHA,municipal
5213004,GO,MAURILANDIA,municipal
5213053,GO,MIMOSO DE GOIAS,municipal
5213087,GO,MINACU,municipal
5213103,GO,MINEIROS,municipal
5213400,GO,MOIPORA,municipal
5213509,GO,MONTE ALEGRE DE GOIAS,municipal
5213707,GO,MONTES CLAROS DE GOIAS,municipal
5213756,GO,MONTIVIDIU,municipal
5213772,GO,MONTIVIDIU DO NORTE,municipal
5213806,GO,MORRINHOS,municipal
5213855,GO,MORRO AGUDO DE GOIAS,municipal
5213905,GO,MOSSAMEDES,municipal
5214002,GO,MOZARLANDIA,municipal
5214051,GO,MUNDO NOVO,municipal
5214101,GO,MUTUNOPOLIS,municipal
5214408,GO,NAZARIO,municipal
5214507,GO,NEROPOLIS,municipal
5214606,GO,NIQUELANDIA,municipal
5214705,GO,NOVA AMERICA,municipal
5214804,GO,NOVA AURORA,municipal
5214838,GO,NOVA CRIXAS,municipal
5214861,GO,NOVA GLORIA,municipal
5214879,GO,NOVA IGUACU DE GOIAS,municipal
5214903,GO,NOVA ROMA,municipal
5215009,GO,NOVA VENEZA,municipal
5215207,GO,NOVO BRASIL,municipal
5215231,GO,NOVO GAMA,municipal
5215256,GO,NOVO PLANALTO,municipal
5215306,GO,ORIZONA,municipal
5215405,GO,OURO VERDE DE GOIAS,municipal
5215504,GO,OUVIDOR,municipal
5215603,GO,PADRE BERNARDO,municipal
5215652,GO,PALESTINA DE GOIAS,municipal
5215702,GO,PALMEIRAS DE GOIAS,municipal
5215801,GO,PALMELO,municipal
5215900,GO,PALMINOPOLIS,municipal
5216007,GO,PANAMA,municipal
5216304,GO,PARANAIGUARA,municipal
5216403,GO,PARAUNA,municipal
5216452,GO,PEROLANDIA,municipal
5216809,GO,PETROLINA DE GOIAS,municipal
5216908,GO,PILAR DE GOIAS,municipal
5217104,GO,PIRACANJUBA,municipal
5217203,GO,PIRANHAS,municipal
5217302,GO,PIRENOPOLIS,municipal
5217401,GO,PIRES DO RIO,municipal
5217609,GO,PLANALTINA,municipal
5217708,GO,PONTALINA,municipal
5218003,GO,PORANGATU,municipal
5218052,GO,PORTEIRAO,municipal
5218102,GO,PORTELANDIA,municipal
5218300,GO,POSSE,municipal
5218391,GO,PROFESSOR JAMIL,municipal
5218508,GO,QUIRINOPOLIS,municipal
5218607,GO,RIALMA,municipal
5218706,GO,RIANAPOLIS,municipal
5218789,GO,RIO QUENTE,municipal
5218805,GO,RIO VERDE,municipal
5218904,GO,RUBIATABA,municipal
5219001,GO,SANCLERLANDIA,municipal
5219100,GO,SANTA BARBARA DE GOIAS,municipal
5219209,GO,SANTA CRUZ DE GOIAS,municipal
5219258,GO,SANTA FE DE GOIAS,municipal
5219308,GO,SANTA HELENA DE GOIAS,municipal
5219357,GO,SANTA ISABEL,municipal
5219407,GO,SANTA RITA DO ARAGUAIA,municipal
5219456,GO,SANTA RITA DO NOVO DESTINO,municipal
5219506,GO,SANTA ROSA DE GOIAS,municipal
5219605,GO,SANTA TEREZA DE GOIAS,municipal
5219704,GO,SANTA TEREZINHA DE GOIAS,municipal
5219712,GO,SANTO ANTONIO DA BARRA,municipal
5219738,GO,SANTO ANTONIO DE GOIAS,municipal
5219753,GO,SANTO ANTONIO DO DESCOBERTO,municipal
5219803,GO,SAO DOMINGOS,municipal
5219902,GO,SAO FRANCISCO DE GOIAS,municipal
5220009,GO,SAO JOAO DALIANCA,municipal
5220058,GO,SAO JOAO DA PARAUNA,municipal
5220108,GO,SAO LUIS DE MONTES BELOS,municipal
5220157,GO,SAO LUIZ DO NORTE,municipal
5220207,GO,SAO MIGUEL DO ARAGUAIA,municipal
5220264,GO,SAO MIGUEL DO PASSA QUATRO,municipal
5220280,GO,SAO PATRICIO,municipal
5220405,GO,SAO SIMAO,municipal
5220454,GO,SENADOR CANEDO,municipal
5220504,GO,SERRANOPOLIS,municipal
5220603,GO,SILVANIA,municipal
5220686,GO,SIMOLANDIA,municipal
5220702,GO,SITIO DABADIA,municipal
5221007,GO,TAQUARAL DE GOIAS,municipal
5221080,GO,TERESINA DE GOIAS,municipal
5221197,GO,TEREZOPOLIS DE GOIAS,municipal
5221304,GO,TRES RANCHOS,municipal
5221403,GO,TRINDADE,municipal
5221452,GO,TROMBAS,municipal
5221502,GO,TURVANIA,municipal
5221551,GO,TURVELANDIA,municipal
5221577,GO,UIRAPURU,municipal
5221601,GO,URUACU,municipal
5221700,GO,URUANA,municipal
5221809,GO,URUTAI,municipal
5221858,GO,VALPARAISO DE GOIAS,municipal
5221908,GO,VARJAO,municipal
5222005,GO,VIANOPOLIS,municipal
5222054,GO,VICENTINOPOLIS,municipal
5222203,GO,VILA BOA,municipal
5222302,GO,VILA PROPICIO,municipal
